CREATE DATABASE IF NOT EXISTS qflexesb;

GRANT ALL PRIVILEGES ON qflexesb.* TO 'qflex'@'localhost' IDENTIFIED BY 'netflexity' WITH GRANT OPTION;
GRANT ALL PRIVILEGES ON qflexesb.* TO 'qflex'@'%' IDENTIFIED BY 'netflexity' WITH GRANT OPTION;
USE qflexesb;
DROP TABLE IF EXISTS qflexesb.alert_status_types;
CREATE TABLE qflexesb.alert_status_types (  alert_status_type_id bigint(20) NOT NULL default '0',  display_seq_no int(11) NOT NULL default '0',  description varchar(64) NOT NULL default '',  PRIMARY KEY  (alert_status_type_id)) ENGINE=InnoDB DEFAULT CHARSET=utf8;
DROP TABLE IF EXISTS qflexesb.alert_types;
CREATE TABLE alert_types (  alert_type_id bigint(20) NOT NULL default '0',  display_seq_no int(11) NOT NULL default '0',  description varchar(64) NOT NULL default '',  PRIMARY KEY  (alert_type_id)) ENGINE=InnoDB DEFAULT CHARSET=utf8;
DROP TABLE IF EXISTS qflexesb.alerts;
CREATE TABLE alerts (  alert_id bigint(20) NOT NULL default '0',  parent_id bigint(20) default NULL,  monitor_id bigint(20) NOT NULL default '0',  alert_status_type_id bigint(20) NOT NULL default '0',  criticality_type_id bigint(20) NOT NULL default '0',  alert_nm varchar(255) NOT NULL default '',  occurrence_start_tm bigint(20) NOT NULL default '0',  occurrence_end_tm bigint(20) default NULL,  alert_text text,  comments varchar(255) default NULL,  modified_tm bigint(20) default NULL,  modified_by varchar(32) default NULL,  PRIMARY KEY  (alert_id)) ENGINE=InnoDB DEFAULT CHARSET=utf8;
DROP TABLE IF EXISTS qflexesb.applications;
CREATE TABLE applications (application_id bigint(20) NOT NULL default '0',company_id bigint(20) NOT NULL default '0',application_type varchar(64) NOT NULL default '',application_nm varchar(64) NOT NULL default '',description varchar(255) default '',modified_tm bigint(20) default NULL,modified_by varchar(32) default '',PRIMARY KEY  (application_id)) ENGINE=InnoDB DEFAULT CHARSET=utf8;
DROP TABLE IF EXISTS qflexesb.application_destinations;
CREATE TABLE application_destinations (application_destination_id bigint(20) NOT NULL default '0',application_id bigint(20) NOT NULL default '0',destination_id bigint(20) NOT NULL default '0',destination_type_id int(11) NOT NULL default '0',destination_purpose_type_id int(11) NOT NULL default '0',destination_nm varchar(48) default '',modified_tm bigint(20) default NULL,modified_by varchar(32) default '',PRIMARY KEY  (application_destination_id)) ENGINE=InnoDB DEFAULT CHARSET=utf8;
DROP TABLE IF EXISTS qflexesb.channels;
CREATE TABLE channels (  channel_id bigint(20) NOT NULL default '0',  qmanager_id bigint(20) NOT NULL default '0',  channel_nm varchar(48) NOT NULL default '',  channel_tp int(11) NOT NULL default '0',  status int(11) NOT NULL default '0',  modified_tm bigint(20) default NULL,  modified_by varchar(32) default NULL,  PRIMARY KEY  (channel_id)) ENGINE=InnoDB DEFAULT CHARSET=utf8;
DROP TABLE IF EXISTS qflexesb.collection_policies;
CREATE TABLE collection_policies (  collection_policy_id bigint(20) NOT NULL default '0',  qmanager_id bigint(20) NOT NULL default '0',  interval_type_id bigint(20) NOT NULL default '0',  interval_val bigint(20) NOT NULL default '0',  status int(11) NOT NULL default '0',  filter varchar(255) default NULL,  modified_tm bigint(20) default NULL,  modified_by varchar(32) default NULL,  PRIMARY KEY  (collection_policy_id)) ENGINE=InnoDB DEFAULT CHARSET=utf8;
DROP TABLE IF EXISTS qflexesb.companies;
CREATE TABLE companies (  company_id bigint(20) NOT NULL default '0',  company_nm varchar(128) NOT NULL default '',  serial_no varchar(96) NOT NULL default '',  addr varchar(255) default NULL,  city varchar(64) default NULL,  state varchar(2) default NULL,  zip varchar(11) default NULL,  email varchar(255) NOT NULL default '',  phone varchar(15) default NULL,  modified_tm bigint(20) default NULL,  modified_by varchar(32) default NULL,  PRIMARY KEY  (company_id)) ENGINE=InnoDB DEFAULT CHARSET=utf8;
DROP TABLE IF EXISTS qflexesb.compression_policies;
CREATE TABLE compression_policies (  compression_policy_id bigint(20) NOT NULL default '0',  qmanager_id bigint(20) NOT NULL default '0',  interval_type_id bigint(20) NOT NULL default '0',  frequency_type_id bigint(20) NOT NULL default '0',  interval_val bigint(20) NOT NULL default '0',  time_of_compression bigint(20) default '0',  status int(11) NOT NULL default '0',  modified_tm bigint(20) default NULL,  modified_by varchar(32) default NULL,  PRIMARY KEY  (compression_policy_id)) ENGINE=InnoDB DEFAULT CHARSET=utf8;
DROP TABLE IF EXISTS qflexesb.criticality_types;
CREATE TABLE criticality_types (  criticality_type_id bigint(20) NOT NULL default '0',  display_seq_no int(11) NOT NULL default '0',  description varchar(64) NOT NULL default '',  PRIMARY KEY  (criticality_type_id)) ENGINE=InnoDB DEFAULT CHARSET=utf8;
DROP TABLE IF EXISTS qflexesb.frequency_types;
CREATE TABLE frequency_types (  frequency_type_id bigint(20) NOT NULL default '0',  min_interval_type_id bigint(20) NOT NULL default '0',  millis bigint(20) NOT NULL default '0',  display_seq_no int(11) NOT NULL default '0',  description varchar(64) NOT NULL default '',  PRIMARY KEY  (frequency_type_id)) ENGINE=InnoDB DEFAULT CHARSET=utf8;
DROP TABLE IF EXISTS qflexesb.idle_reason_types;
CREATE TABLE idle_reason_types (  idle_reason_type_id bigint(20) NOT NULL default '0',  display_seq_no int(11) NOT NULL default '0',  description varchar(64) NOT NULL default '',  PRIMARY KEY  (idle_reason_type_id)) ENGINE=InnoDB DEFAULT CHARSET=utf8;
DROP TABLE IF EXISTS qflexesb.interval_types;
CREATE TABLE interval_types (  interval_type_id bigint(20) NOT NULL default '0',  millis bigint(20) NOT NULL default '0',  display_seq_no int(11) NOT NULL default '0',  description varchar(64) NOT NULL default '',  PRIMARY KEY  (interval_type_id)) ENGINE=InnoDB DEFAULT CHARSET=utf8;
DROP TABLE IF EXISTS qflexesb.message_purger_policies;
CREATE TABLE message_purger_policies (  message_purger_policy_id bigint(20) NOT NULL default '0',  queue_id bigint(20) NOT NULL default '0',  interval_type_id bigint(20) NOT NULL default '0',  interval_val bigint(20) NOT NULL default '0',  purger_interval_type_id bigint(20) NOT NULL default '0',  purger_interval_val bigint(20) NOT NULL default '0',  status int(11) NOT NULL default '0',  PRIMARY KEY  (message_purger_policy_id)) ENGINE=InnoDB DEFAULT CHARSET=utf8;
DROP TABLE IF EXISTS qflexesb.message_types;
CREATE TABLE message_types (  message_type_id bigint(20) NOT NULL default '0',  trig_condition_type_id bigint(20) NOT NULL default '0',  display_seq_no int(11) NOT NULL default '0',  description text NOT NULL,  PRIMARY KEY  (message_type_id)) ENGINE=InnoDB DEFAULT CHARSET=utf8;
DROP TABLE IF EXISTS qflexesb.monitor_templates;
CREATE TABLE monitor_templates (  monitor_template_id bigint(20) NOT NULL default '0',  company_id bigint(20) NOT NULL default '0',  monitor_type_id bigint(20) NOT NULL default '0',  trig_condition_type_id bigint(20) NOT NULL default '0',  criticality_type_id bigint(20) NOT NULL default '0',  template_nm varchar(255) NOT NULL default '',  occurrence_interval int(11) NOT NULL default '0',  polling_interval bigint(20) NOT NULL default '0',  modified_tm bigint(20) default NULL,  modified_by varchar(32) default NULL,  PRIMARY KEY  (monitor_template_id)) ENGINE=InnoDB DEFAULT CHARSET=utf8;
DROP TABLE IF EXISTS qflexesb.monitor_types;
CREATE TABLE monitor_types (  monitor_type_id bigint(20) NOT NULL default '0',  display_seq_no int(11) NOT NULL default '0',  description varchar(64) NOT NULL default '',  PRIMARY KEY  (monitor_type_id)) ENGINE=InnoDB DEFAULT CHARSET=utf8;
DROP TABLE IF EXISTS qflexesb.monitors;
CREATE TABLE monitors (  monitor_id bigint(20) NOT NULL default '0',  company_id bigint(20) NOT NULL default '0',  qmanager_id bigint(20) NOT NULL default '0',  monitor_object_id bigint(20) NOT NULL default '0',  monitor_type_id bigint(20) NOT NULL default '0',  trig_condition_type_id bigint(20) NOT NULL default '0',  trig_condition_param bigint(20) default NULL,  criticality_type_id bigint(20) NOT NULL default '0',  monitor_nm varchar(255) NOT NULL default '',  message_text text NOT NULL,  recovery_text text NOT NULL,  occurrence_interval int(11) NOT NULL default '0',  polling_interval bigint(20) NOT NULL default '0',  log_file varchar(255) default NULL,  status int(11) NOT NULL default '0',  email_list varchar(255) default NULL,  modified_tm bigint(20) default NULL,  modified_by varchar(32) default NULL,  PRIMARY KEY  (monitor_id)) ENGINE=InnoDB DEFAULT CHARSET=utf8;
DROP TABLE IF EXISTS qflexesb.monitors_alert_types;
CREATE TABLE monitors_alert_types (  monitors_alert_types_id bigint(20) NOT NULL default '0',  monitor_id bigint(20) default '0',  monitor_template_id bigint(20) default '0',  alert_type_id bigint(20) NOT NULL default '0',  modified_tm bigint(20) default NULL,  modified_by varchar(32) default NULL,  PRIMARY KEY  (monitors_alert_types_id)) ENGINE=InnoDB DEFAULT CHARSET=utf8;
DROP TABLE IF EXISTS qflexesb.monitors_polling_policies;
CREATE TABLE monitors_polling_policies (  monitors_polling_policies_id bigint(20) NOT NULL default '0',  monitor_id bigint(20) default '0',  polling_policy_id bigint(20) NOT NULL default '0',  monitor_template_id bigint(20) default '0',  modified_tm bigint(20) default NULL,  modified_by varchar(32) default NULL,  PRIMARY KEY  (monitors_polling_policies_id)) ENGINE=InnoDB DEFAULT CHARSET=utf8;
DROP TABLE IF EXISTS qflexesb.monitors_recovery_actions;
CREATE TABLE monitors_recovery_actions (  monitors_recovery_action_id bigint(20) NOT NULL default '0',  monitor_id bigint(20) default '0',  monitor_template_id bigint(20) default '0',  recovery_action_id bigint(20) NOT NULL default '0',  modified_tm bigint(20) default NULL,  modified_by varchar(32) default NULL,  PRIMARY KEY  (monitors_recovery_action_id)) ENGINE=InnoDB DEFAULT CHARSET=utf8;
DROP TABLE IF EXISTS qflexesb.polling_policies;
CREATE TABLE polling_policies (  polling_policy_id bigint(20) NOT NULL default '0',  polling_policy_nm varchar(48) NOT NULL default '',  company_id bigint(20) NOT NULL default '0',  minutes varchar(196) NOT NULL default '',  hours varchar(196) NOT NULL default '',  days_of_week varchar(16) NOT NULL default '',  days_of_month varchar(96) NOT NULL default '',  months varchar(32) NOT NULL default '',  seconds varchar(196) NOT NULL default '',  modified_tm bigint(20) default NULL,  modified_by varchar(32) default NULL,  PRIMARY KEY  (polling_policy_id)) ENGINE=InnoDB DEFAULT CHARSET=utf8;
DROP TABLE IF EXISTS qflexesb.principals;
CREATE TABLE principals (  principal_id bigint(20) NOT NULL default '0',  company_id bigint(20) NOT NULL default '0',  principal_nm varchar(128) NOT NULL default '',  username varchar(16) NOT NULL default '',  password varchar(96) NOT NULL default '',  role varchar(10) NOT NULL default '',  email varchar(255) NOT NULL default '',  phone varchar(15) default NULL,  modified_tm bigint(20) default NULL,  modified_by varchar(32) default NULL,  PRIMARY KEY  (principal_id)) ENGINE=InnoDB DEFAULT CHARSET=utf8;
DROP TABLE IF EXISTS qflexesb.qflex_properties;
CREATE TABLE qflex_properties (  qflex_property_id bigint(20) NOT NULL default '0',  company_id bigint(20) NOT NULL default '0',  property_type tinyint(4) NOT NULL default '0',  property_nm varchar(255) NOT NULL default '',  property_val varchar(255) default '',  modified_tm bigint(20) default NULL,  modified_by varchar(32) default NULL,  PRIMARY KEY  (qflex_property_id)) ENGINE=InnoDB DEFAULT CHARSET=utf8;
DROP TABLE IF EXISTS qflexesb.qmanagers;
CREATE TABLE qmanagers (  qmanager_id bigint(20) NOT NULL default '0',  company_id bigint(20) NOT NULL default '0',  status int(11) NOT NULL default '0',  qmanager_nm varchar(48) NOT NULL default '',  qmanager_alias varchar(96) default '',  host_nm varchar(255) NOT NULL default '',  host_data_root varchar(255) default NULL,  host_user varchar(32) default NULL,  host_pwd varchar(32) default NULL,  channel_nm varchar(20) NOT NULL default '',  port int(4) NOT NULL default '0',  command_server_qname varchar(255) default NULL,  command_server_reply_queue varchar(255) default NULL,  os varchar(255) default NULL,  os_version varchar(64) default NULL,  mq_version varchar(64) default NULL,  ssl_keystore varchar(255) default NULL,ssl_keystore_pwd varchar(32) default NULL,ssl_truststore varchar(255) default NULL,ssl_truststore_pwd varchar(32) default NULL,ssl_cipher_spec varchar(48) default NULL,ssl_peer_nm varchar(64) default NULL, modified_tm bigint(20) default NULL,  modified_by varchar(32) default NULL,  PRIMARY KEY  (qmanager_id)) ENGINE=InnoDB DEFAULT CHARSET=utf8;
DROP TABLE IF EXISTS qflexesb.queue_stats;
CREATE TABLE queue_stats (  queue_stat_id bigint(20) NOT NULL default '0',  queue_id bigint(20) NOT NULL default '0',  msg_in int(11) NOT NULL default '0',  msg_out int(11) NOT NULL default '0',  high_depth int(11) NOT NULL default '0',  fetch_start_tm bigint(20) NOT NULL default '0',  fetch_end_tm bigint(20) NOT NULL default '0',  time_since_reset bigint(20) NOT NULL default '0',  modified_tm bigint(20) default NULL,  modified_by varchar(32) default NULL,  PRIMARY KEY  (queue_stat_id),  KEY TIME (fetch_start_tm,fetch_end_tm)) ENGINE=InnoDB DEFAULT CHARSET=utf8;
DROP TABLE IF EXISTS qflexesb.queue_stats_idleness;
CREATE TABLE queue_stats_idleness (  queue_stats_idleness_id bigint(20) NOT NULL default '0',  qmanager_id bigint(20) NOT NULL default '0',  idle_start_tm bigint(20) NOT NULL default '0',  idle_end_tm bigint(20) NOT NULL default '0',  idle_reason_type_id bigint(20) NOT NULL default '0',  status int(11) NOT NULL default '0',  modified_tm bigint(20) default NULL,  modified_by varchar(32) default NULL,  PRIMARY KEY  (queue_stats_idleness_id)) ENGINE=InnoDB DEFAULT CHARSET=utf8;
DROP TABLE IF EXISTS qflexesb.queues;
CREATE TABLE queues (  queue_id bigint(20) NOT NULL default '0',  qmanager_id bigint(20) NOT NULL default '0',  queue_nm varchar(48) NOT NULL default '',  queue_tp int(11) NOT NULL default '0',  status int(11) NOT NULL default '0',  modified_tm bigint(20) default NULL,  modified_by varchar(32) default NULL,  PRIMARY KEY  (queue_id)) ENGINE=InnoDB DEFAULT CHARSET=utf8;
DROP TABLE IF EXISTS qflexesb.recovery_actions;
CREATE TABLE recovery_actions (  recovery_action_id bigint(20) NOT NULL default '0',  recovery_action_type_id bigint(20) NOT NULL default '0',  company_id bigint(20) NOT NULL default '0',  action_nm varchar(128) NOT NULL default '',  java_class varchar(255) default NULL,  command varchar(255) default NULL,  command_args varchar(255) default NULL,  modified_tm bigint(20) default NULL,  modified_by varchar(32) default NULL,  PRIMARY KEY  (recovery_action_id)) ENGINE=InnoDB DEFAULT CHARSET=utf8;
DROP TABLE IF EXISTS qflexesb.recovery_types;
CREATE TABLE recovery_types (  recovery_type_id bigint(20) NOT NULL default '0',  trig_condition_type_id bigint(20) NOT NULL default '0',  display_seq_no int(11) NOT NULL default '0',  description text NOT NULL,  PRIMARY KEY  (recovery_type_id)) ENGINE=InnoDB DEFAULT CHARSET=utf8;
DROP TABLE IF EXISTS qflexesb.reports;
CREATE TABLE reports (  report_id bigint(20) NOT NULL default '0',  report_type_id bigint(20) NOT NULL default '0',  name varchar(255) NOT NULL default '',  action varchar(128) NOT NULL default '',  query_string varchar(255) NOT NULL default '',  comments varchar(255) default NULL,  modified_tm bigint(20) default NULL,  modified_by varchar(32) default NULL,  PRIMARY KEY  (report_id)) ENGINE=InnoDB DEFAULT CHARSET=utf8;
DROP TABLE IF EXISTS qflexesb.trig_condition_types;
CREATE TABLE trig_condition_types (  trig_condition_type_id bigint(20) NOT NULL default '0',  monitor_type_id bigint(20) NOT NULL default '0',  trig_condition_type_nm varchar(128) NOT NULL default '',  requires_param char(1) NOT NULL default '',  display_seq_no int(11) NOT NULL default '0',  description varchar(64) NOT NULL default '',  PRIMARY KEY  (trig_condition_type_id)) ENGINE=InnoDB DEFAULT CHARSET=utf8;
DROP TABLE IF EXISTS qflexesb.wmbi_acls;
CREATE TABLE wmbi_acls (  wmbi_acl_id bigint(20) NOT NULL default '0',  wmbi_broker_id bigint(20) NOT NULL default '0',  wmbi_topic_id bigint(20) NOT NULL default '0',  wmbi_user_id bigint(20) NOT NULL default '0',  publish_ind int(11) default '0',  subscribe_ind int(11) default '0',  persistent_ind int(11) default '0',  modified_tm bigint(20) default NULL,  modified_by varchar(32) default NULL,  PRIMARY KEY  (wmbi_acl_id)) ENGINE=InnoDB DEFAULT CHARSET=utf8 ROW_FORMAT=DYNAMIC;
DROP TABLE IF EXISTS qflexesb.wmbi_brokers;
CREATE TABLE wmbi_brokers (  wmbi_broker_id bigint(20) NOT NULL default '0',  queue_id bigint(20) NOT NULL default '0',  uuid varchar(128) NOT NULL default '',  broker_nm varchar(48) NOT NULL default '',  broker_alias varchar(48) NOT NULL default '',  broker_version varchar(8) default NULL,  status int(11) NOT NULL default '0',  modified_tm bigint(20) default NULL,  modified_by varchar(32) default NULL,  PRIMARY KEY  (wmbi_broker_id)) ENGINE=InnoDB DEFAULT CHARSET=utf8 ROW_FORMAT=DYNAMIC;
DROP TABLE IF EXISTS qflexesb.wmbi_compression_policies;
CREATE TABLE wmbi_compression_policies (  wmbi_compression_policy_id bigint(20) NOT NULL default '0',  wmbi_broker_id bigint(20) NOT NULL default '0',  interval_type_id bigint(20) NOT NULL default '0',  frequency_type_id bigint(20) NOT NULL default '0',  interval_val bigint(20) NOT NULL default '0',  time_of_compression bigint(20) default '0',  status int(11) NOT NULL default '0',  modified_tm bigint(20) default NULL,  modified_by varchar(32) default NULL,  PRIMARY KEY  (wmbi_compression_policy_id),  KEY wmbi_compol_bridindx TYPE BTREE (wmbi_broker_id)) ENGINE=InnoDB DEFAULT CHARSET=utf8;
DROP TABLE IF EXISTS qflexesb.wmbi_exec_groups;
CREATE TABLE wmbi_exec_groups (  wmbi_exec_group_id bigint(20) NOT NULL default '0',  wmbi_broker_id bigint(20) NOT NULL default '0',  uuid varchar(128) NOT NULL default '',  exec_group_nm varchar(128) NOT NULL default '0',  status int(11) NOT NULL default '0',  modified_tm bigint(20) default NULL,  modified_by varchar(32) default NULL,  PRIMARY KEY  (wmbi_exec_group_id)) ENGINE=InnoDB DEFAULT CHARSET=utf8;
DROP TABLE IF EXISTS qflexesb.wmbi_flow_stats;
CREATE TABLE wmbi_flow_stats (  wmbi_flow_stat_id bigint(20) NOT NULL default '0',  wmbi_flow_id bigint(20) NOT NULL default '0',  wmbi_snapshot_id bigint(20) NOT NULL default '0',  max_elapsed_tm bigint(20) NOT NULL default '0',  min_elapsed_tm bigint(20) NOT NULL default '0',  max_cpu_tm bigint(20) NOT NULL default '0',  min_cpu_tm bigint(20) NOT NULL default '0',  pool_threads bigint(20) NOT NULL default '0',  max_threads bigint(20) NOT NULL default '0',  mq_errs bigint(20) NOT NULL default '0',  msgs_w_errs bigint(20) NOT NULL default '0',  errs_process_msgs bigint(20) NOT NULL default '0',  aggreg_msg_timeouts bigint(20) NOT NULL default '0',  commits bigint(20) NOT NULL default '0',  backouts bigint(20) NOT NULL default '0',  account_origin varchar(48) NOT NULL default '',  modified_tm bigint(20) default NULL,  modified_by varchar(32) default NULL,  PRIMARY KEY  (wmbi_flow_stat_id)) ENGINE=InnoDB DEFAULT CHARSET=utf8 ROW_FORMAT=DYNAMIC;
DROP TABLE IF EXISTS qflexesb.wmbi_flows;
CREATE TABLE wmbi_flows (  wmbi_flow_id bigint(20) NOT NULL default '0',  wmbi_exec_group_id bigint(20) NOT NULL default '0',  flow_nm varchar(128) NOT NULL default '',  uuid varchar(48) default NULL,  additional_instances int(11) default '0',  commit_count int(11) default '0',  commit_interval int(11) default '0',  coord_transaction_ind int(11) default '0',  status int(11) NOT NULL default '0',  modified_tm bigint(20) default NULL,  modified_by varchar(32) default NULL,  PRIMARY KEY  (wmbi_flow_id)) ENGINE=InnoDB DEFAULT CHARSET=utf8;
DROP TABLE IF EXISTS qflexesb.wmbi_neighbors;
CREATE TABLE wmbi_neighbors (  wmbi_neighbor_id bigint(20) NOT NULL default '0',  wmbi_broker_id bigint(20) NOT NULL default '0',  uuid varchar(128) NOT NULL default '',  neighbor_nm varchar(128) NOT NULL default '',  modified_tm bigint(20) default NULL,  modified_by varchar(32) default NULL,  PRIMARY KEY  (wmbi_neighbor_id)) ENGINE=InnoDB DEFAULT CHARSET=utf8;
DROP TABLE IF EXISTS qflexesb.wmbi_node_stats;
CREATE TABLE wmbi_node_stats (  wmbi_node_stat_id bigint(20) NOT NULL default '0',  wmbi_node_id bigint(20) NOT NULL default '0',  wmbi_snapshot_id bigint(20) NOT NULL default '0',  elapsed_tm bigint(20) NOT NULL default '0',  max_elapsed_tm bigint(20) NOT NULL default '0',  min_elapsed_tm bigint(20) NOT NULL default '0',  cpu_tm bigint(20) NOT NULL default '0',  max_cpu_tm bigint(20) NOT NULL default '0',  min_cpu_tm bigint(20) NOT NULL default '0',  in_terminals bigint(20) NOT NULL default '0',  out_terminals bigint(20) NOT NULL default '0',  invocations bigint(20) NOT NULL default '0',  modified_tm bigint(20) default NULL,  modified_by varchar(32) default NULL,  PRIMARY KEY  (wmbi_node_stat_id)) ENGINE=InnoDB DEFAULT CHARSET=utf8 ROW_FORMAT=DYNAMIC;
DROP TABLE IF EXISTS qflexesb.wmbi_nodes;
CREATE TABLE wmbi_nodes (  wmbi_node_id bigint(20) NOT NULL default '0',  wmbi_flow_id bigint(20) NOT NULL default '0',  uuid varchar(128) default '',  node_nm varchar(128) NOT NULL default '0',  node_tp varchar(128) NOT NULL default '',  status int(11) NOT NULL default '0',  modified_tm bigint(20) default NULL,  modified_by varchar(32) default NULL,  PRIMARY KEY  (wmbi_node_id)) ENGINE=InnoDB DEFAULT CHARSET=utf8;
DROP TABLE IF EXISTS qflexesb.wmbi_snapshots;
CREATE TABLE wmbi_snapshots (  wmbi_snapshot_id bigint(20) NOT NULL default '0',  start_tm bigint(20) NOT NULL default '0',  end_tm bigint(20) NOT NULL default '0',  modified_tm bigint(20) default NULL,  modified_by varchar(32) default NULL,  wmbi_broker_id bigint(20) NOT NULL default '0',  PRIMARY KEY  (wmbi_snapshot_id)) ENGINE=InnoDB DEFAULT CHARSET=utf8;
DROP TABLE IF EXISTS qflexesb.wmbi_stats_subscriptions;
CREATE TABLE wmbi_stats_subscriptions (  wmbi_stats_subscription_id bigint(20) NOT NULL default '0',  wmbi_broker_id bigint(20) NOT NULL default '0',  subscription_object_id bigint(20) NOT NULL default '0',  subscription_object_tp int(11) NOT NULL default '0',  status int(11) NOT NULL default '0',  node_level char(1) NOT NULL default '',  thread_level char(1) NOT NULL default '',  modified_tm bigint(20) default NULL,  modified_by varchar(32) default NULL,  PRIMARY KEY  (wmbi_stats_subscription_id)) ENGINE=InnoDB DEFAULT CHARSET=utf8;
DROP TABLE IF EXISTS qflexesb.wmbi_subscriptions;
CREATE TABLE wmbi_subscriptions (  wmbi_subscription_id bigint(20) NOT NULL default '0',  wmbi_broker_id bigint(20) NOT NULL default '0',  wmbi_user_id bigint(20) NOT NULL default '0',  wmbi_topic_id bigint(20) NOT NULL default '0',  client_id varchar(255) NOT NULL default '',  subscription_point varchar(255) default '',  filter text,  persistent_ind int(11) default '0',  local_only_ind int(11) default '0',  pub_on_req_only_ind int(11) default '0',  inform_id_ret_ind int(11) default '0',  expiry_tm bigint(20) default '0',  create_tm bigint(20) default '0',  temp_dyno_queue int(11) default '0',  client_context text,  modified_tm bigint(20) default NULL,  modified_by varchar(32) default NULL,  PRIMARY KEY  (wmbi_subscription_id)) ENGINE=InnoDB DEFAULT CHARSET=utf8;
DROP TABLE IF EXISTS qflexesb.wmbi_terminal_stats;
CREATE TABLE wmbi_terminal_stats (  wmbi_terminal_stat_id bigint(20) NOT NULL default '0',  wmbi_terminal_id bigint(20) NOT NULL default '0',  wmbi_snapshot_id bigint(20) NOT NULL default '0',  invocations bigint(20) NOT NULL default '0',  modified_tm bigint(20) default NULL,  modified_by varchar(32) default NULL,  PRIMARY KEY  (wmbi_terminal_stat_id)) ENGINE=InnoDB DEFAULT CHARSET=utf8 ROW_FORMAT=DYNAMIC;
DROP TABLE IF EXISTS qflexesb.wmbi_terminals;
CREATE TABLE wmbi_terminals (  wmbi_terminal_id bigint(20) NOT NULL default '0',  wmbi_node_id bigint(20) NOT NULL default '0',  terminal_nm varchar(128) NOT NULL default '',  terminal_tp varchar(8) NOT NULL default '',  modified_tm bigint(20) default NULL,  modified_by varchar(32) default NULL,  PRIMARY KEY  (wmbi_terminal_id)) ENGINE=InnoDB DEFAULT CHARSET=utf8 ROW_FORMAT=DYNAMIC;
DROP TABLE IF EXISTS qflexesb.wmbi_thread_stats;
CREATE TABLE wmbi_thread_stats (  wmbi_thread_stat_id bigint(20) NOT NULL default '0',  wmbi_flow_id bigint(20) NOT NULL default '0',  wmbi_snapshot_id bigint(20) NOT NULL default '0',  seq_no bigint(20) NOT NULL default '0',  in_msgs bigint(20) NOT NULL default '0',  elapsed_tm bigint(20) NOT NULL default '0',  cpu_tm bigint(20) NOT NULL default '0',  cpu_tm_wait_in_msg bigint(20) NOT NULL default '0',  elapsed_tm_wait_in_msg bigint(20) NOT NULL default '0',  in_msgs_size bigint(20) NOT NULL default '0',  max_in_msgs_size bigint(20) NOT NULL default '0',  min_in_msgs_size bigint(20) NOT NULL default '0',  modified_tm bigint(20) default NULL,  modified_by varchar(32) default NULL,  PRIMARY KEY  (wmbi_thread_stat_id)) ENGINE=InnoDB DEFAULT CHARSET=utf8 ROW_FORMAT=DYNAMIC;
DROP TABLE IF EXISTS qflexesb.wmbi_user_types;
CREATE TABLE wmbi_user_types (  wmbi_user_type_id bigint(20) NOT NULL default '0',  user_type_nm varchar(48) NOT NULL default '',  PRIMARY KEY  (wmbi_user_type_id)) ENGINE=InnoDB DEFAULT CHARSET=utf8;
DROP TABLE IF EXISTS qflexesb.wmbi_users;
CREATE TABLE wmbi_users (  wmbi_user_id bigint(20) NOT NULL default '0',  wmbi_user_type_id bigint(20) NOT NULL default '0',  username varchar(64) NOT NULL default '',  modified_tm bigint(20) default NULL,  modified_by varchar(32) default NULL,  PRIMARY KEY  (wmbi_user_id)) ENGINE=InnoDB DEFAULT CHARSET=utf8;
DROP TABLE IF EXISTS qflexesb.config_attribute_types;
CREATE TABLE config_attribute_types (  config_attribute_type_id bigint(20) NOT NULL default '0',  config_object_type_id bigint(20) NOT NULL default '0',  display_seq_no int(11) NOT NULL default '0',  description varchar(64) NOT NULL default '',  mq_attribute_id int(11) NOT NULL default '0',  data_type int(11) NOT NULL default '0',  immutable char(1) NOT NULL default '',  required_for_change char(1) NOT NULL default '',  PRIMARY KEY  (config_attribute_type_id)) ENGINE=InnoDB DEFAULT CHARSET=utf8;
DROP TABLE IF EXISTS qflexesb.config_attributes;
CREATE TABLE config_attributes (  config_attribute_id bigint(20) NOT NULL default '0',  config_object_change_id bigint(20) NOT NULL default '0',  config_attribute_type_id bigint(20) NOT NULL default '0',  attribute_val varchar(128) default NULL,  modified_tm bigint(20) default NULL,  modified_by varchar(32) default NULL,  PRIMARY KEY  (config_attribute_id)) ENGINE=InnoDB DEFAULT CHARSET=utf8;
DROP TABLE IF EXISTS qflexesb.config_collection_policies;
CREATE TABLE config_collection_policies (  config_collection_policy_id bigint(20) NOT NULL default '0',  qmanager_id bigint(20) NOT NULL default '0',  interval_type_id bigint(20) NOT NULL default '0',  interval_val bigint(20) NOT NULL default '0',  status int(11) NOT NULL default '0',  queue_filter varchar(255) default NULL,  channel_filter varchar(255) default NULL,  modified_tm bigint(20) default NULL,  modified_by varchar(32) default NULL,  PRIMARY KEY  (config_collection_policy_id)) ENGINE=InnoDB DEFAULT CHARSET=utf8;
DROP TABLE IF EXISTS qflexesb.config_deploy_policies;
CREATE TABLE config_deploy_policies (  config_deploy_policy_id bigint(20) NOT NULL default '0',  config_object_change_id bigint(20) NOT NULL default '0',  target_qmanager_id bigint(20) NOT NULL default '0',  status int(11) NOT NULL default '0',  deploy_tm bigint(20) NOT NULL default '0',  modified_tm bigint(20) default NULL,  modified_by varchar(32) default NULL,  PRIMARY KEY  (config_deploy_policy_id)) ENGINE=InnoDB DEFAULT CHARSET=utf8;
DROP TABLE IF EXISTS qflexesb.config_object_changes;
CREATE TABLE config_object_changes (  config_object_change_id bigint(20) NOT NULL default '0',  config_object_type_id bigint(20) NOT NULL default '0',  config_object_id bigint(20) NOT NULL default '0',  release_num int(11) NOT NULL default '0',  revision_num int(11) NOT NULL default '0',  changed_tm bigint(20) NOT NULL default '0',  status int(11) NOT NULL default '0',  change_nm varchar(64) NOT NULL default '',  sub_revision_num int(11) NOT NULL default '0',  modified_tm bigint(20) default NULL,  modified_by varchar(32) default NULL,  PRIMARY KEY  (config_object_change_id)) ENGINE=InnoDB DEFAULT CHARSET=utf8;
INSERT INTO recovery_actions (recovery_action_id, recovery_action_type_id, company_id, action_nm, java_class) VALUES (1, 2, 1, 'STOP MONITOR', 'com.netflexity.qflexesb.business.commands.alerts.recovery.StopMonitorRecoveryAction');
INSERT INTO interval_types(interval_type_id,millis,display_seq_no,description)VALUES(1,60000,1,'db.interval_types.1');
INSERT INTO interval_types(interval_type_id,millis,display_seq_no,description)VALUES(2,3600000,2,'db.interval_types.2');
INSERT INTO interval_types(interval_type_id,millis,display_seq_no,description)VALUES(3,86400000,3,'db.interval_types.3');
INSERT INTO interval_types(interval_type_id,millis,display_seq_no,description)VALUES(4,604800000,4,'db.interval_types.4');
INSERT INTO interval_types(interval_type_id,millis,display_seq_no,description)VALUES(5,2592000000,5,'db.interval_types.5');
INSERT INTO interval_types(interval_type_id,millis,display_seq_no,description)VALUES(6,31536000000,6,'db.interval_types.6');
INSERT INTO frequency_types(frequency_type_id,min_interval_type_id,millis,display_seq_no,description)VALUES(1,1,3600000,1,'db.frequency_types.1');
INSERT INTO frequency_types(frequency_type_id,min_interval_type_id,millis,display_seq_no,description)VALUES(2,2,86400000,1,'db.frequency_types.2');
INSERT INTO frequency_types(frequency_type_id,min_interval_type_id,millis,display_seq_no,description)VALUES(3,3,2592000000,1,'db.frequency_types.3');
INSERT INTO frequency_types(frequency_type_id,min_interval_type_id,millis,display_seq_no,description)VALUES(4,5,31536000000,1,'db.frequency_types.4');
INSERT INTO frequency_types(frequency_type_id,min_interval_type_id,millis,display_seq_no,description)VALUES(5,6,157680000000,1,'db.frequency_types.5');
INSERT INTO monitor_types(monitor_type_id,display_seq_no,description)VALUES(1,1,'db.monitor_types.1');
INSERT INTO monitor_types(monitor_type_id,display_seq_no,description)VALUES(2,2,'db.monitor_types.2');
INSERT INTO monitor_types(monitor_type_id,display_seq_no,description)VALUES(3,3,'db.monitor_types.3');
INSERT INTO monitor_types(monitor_type_id,display_seq_no,description)VALUES(4,4,'db.monitor_types.4');
INSERT INTO monitor_types(monitor_type_id,display_seq_no,description)VALUES(5,5,'db.monitor_types.5');
INSERT INTO monitor_types(monitor_type_id,display_seq_no,description)VALUES(6,6,'db.monitor_types.6');
INSERT INTO trig_condition_types(trig_condition_type_id,monitor_type_id,display_seq_no,description,trig_condition_type_nm,requires_param)VALUES(1,1,1,'db.trig_condition_types.1','QUEUE_FULL','N');
INSERT INTO trig_condition_types(trig_condition_type_id,monitor_type_id,display_seq_no,description,trig_condition_type_nm,requires_param)VALUES(2,1,2,'db.trig_condition_types.2','QUEUE_EMPTY','N');
INSERT INTO trig_condition_types(trig_condition_type_id,monitor_type_id,display_seq_no,description,trig_condition_type_nm,requires_param)VALUES(3,1,3,'db.trig_condition_types.3','QUEUE_DEPTH_LESS_THAN','Y');
INSERT INTO trig_condition_types(trig_condition_type_id,monitor_type_id,display_seq_no,description,trig_condition_type_nm,requires_param)VALUES(4,1,4,'db.trig_condition_types.4','QUEUE_DEPTH_MORE_THAN','Y');
INSERT INTO trig_condition_types(trig_condition_type_id,monitor_type_id,display_seq_no,description,trig_condition_type_nm,requires_param)VALUES(5,1,5,'db.trig_condition_types.5','QUEUE_DEPTH_LESS_THAN_OR_EQUAL','Y');
INSERT INTO trig_condition_types(trig_condition_type_id,monitor_type_id,display_seq_no,description,trig_condition_type_nm,requires_param)VALUES(6,1,6,'db.trig_condition_types.6','QUEUE_DEPTH_MORE_THAN_OR_EQUAL','Y');
INSERT INTO trig_condition_types(trig_condition_type_id,monitor_type_id,display_seq_no,description,trig_condition_type_nm,requires_param)VALUES(30,1,30,'db.trig_condition_types.30','QUEUE_DEPTH_LESS_THAN_0/0','Y');
INSERT INTO trig_condition_types(trig_condition_type_id,monitor_type_id,display_seq_no,description,trig_condition_type_nm,requires_param)VALUES(31,1,31,'db.trig_condition_types.31','QUEUE_DEPTH_MORE_THAN_0/0','Y');
INSERT INTO trig_condition_types(trig_condition_type_id,monitor_type_id,display_seq_no,description,trig_condition_type_nm,requires_param)VALUES(32,1,32,'db.trig_condition_types.32','QUEUE_DEPTH_LESS_THAN_OR_EQUAL_0/0','Y');
INSERT INTO trig_condition_types(trig_condition_type_id,monitor_type_id,display_seq_no,description,trig_condition_type_nm,requires_param)VALUES(33,1,33,'db.trig_condition_types.33','QUEUE_DEPTH_MORE_THAN_OR_EQUAL_0/0','Y');
INSERT INTO trig_condition_types(trig_condition_type_id,monitor_type_id,display_seq_no,description,trig_condition_type_nm,requires_param)VALUES(7,1,7,'db.trig_condition_types.7','QUEUE_GET_COUNT_EQUAL','Y');
INSERT INTO trig_condition_types(trig_condition_type_id,monitor_type_id,display_seq_no,description,trig_condition_type_nm,requires_param)VALUES(8,1,8,'db.trig_condition_types.8','QUEUE_PUT_COUNT_EQUAL','Y');
INSERT INTO trig_condition_types(trig_condition_type_id,monitor_type_id,display_seq_no,description,trig_condition_type_nm,requires_param)VALUES(17,1,17,'db.trig_condition_types.17','QUEUE_INPUT_COUNT_LESS_THAN','Y');
INSERT INTO trig_condition_types(trig_condition_type_id,monitor_type_id,display_seq_no,description,trig_condition_type_nm,requires_param)VALUES(18,1,18,'db.trig_condition_types.18','QUEUE_INPUT_COUNT_MORE_THAN','Y');
INSERT INTO trig_condition_types(trig_condition_type_id,monitor_type_id,display_seq_no,description,trig_condition_type_nm,requires_param)VALUES(19,1,19,'db.trig_condition_types.19','QUEUE_INPUT_COUNT_LESS_THAN_OR_EQUAL','Y');
INSERT INTO trig_condition_types(trig_condition_type_id,monitor_type_id,display_seq_no,description,trig_condition_type_nm,requires_param)VALUES(20,1,20,'db.trig_condition_types.20','QUEUE_INPUT_COUNT_MORE_THAN_EQUAL','Y');
INSERT INTO trig_condition_types(trig_condition_type_id,monitor_type_id,display_seq_no,description,trig_condition_type_nm,requires_param)VALUES(21,1,21,'db.trig_condition_types.21','QUEUE_OUTPUT_COUNT_LESS_THAN','Y');
INSERT INTO trig_condition_types(trig_condition_type_id,monitor_type_id,display_seq_no,description,trig_condition_type_nm,requires_param)VALUES(22,1,22,'db.trig_condition_types.22','QUEUE_OUTPUT_COUNT_MORE_THAN','Y');
INSERT INTO trig_condition_types(trig_condition_type_id,monitor_type_id,display_seq_no,description,trig_condition_type_nm,requires_param)VALUES(23,1,23,'db.trig_condition_types.23','QUEUE_OUTPUT_COUNT_LESS_THAN_OR_EQUAL','Y');
INSERT INTO trig_condition_types(trig_condition_type_id,monitor_type_id,display_seq_no,description,trig_condition_type_nm,requires_param)VALUES(24,1,24,'db.trig_condition_types.24','QUEUE_OUTPUT_COUNT_MORE_THAN_OR_EQUAL','Y');
INSERT INTO trig_condition_types(trig_condition_type_id,monitor_type_id,display_seq_no,description,trig_condition_type_nm,requires_param)VALUES(25,1,25,'db.trig_condition_types.25','QUEUE_PUT_DISABLED','N');
INSERT INTO trig_condition_types(trig_condition_type_id,monitor_type_id,display_seq_no,description,trig_condition_type_nm,requires_param)VALUES(26,1,26,'db.trig_condition_types.26','QUEUE_GET_DISABLED','N');
INSERT INTO trig_condition_types(trig_condition_type_id,monitor_type_id,display_seq_no,description,trig_condition_type_nm,requires_param)VALUES(9,2,9,'db.trig_condition_types.9','COMMAND_SERVER_DOWN','N');
INSERT INTO trig_condition_types(trig_condition_type_id,monitor_type_id,display_seq_no,description,trig_condition_type_nm,requires_param)VALUES(10,2,10,'db.trig_condition_types.10','QMANAGER_DOWN','N');
INSERT INTO trig_condition_types(trig_condition_type_id,monitor_type_id,display_seq_no,description,trig_condition_type_nm,requires_param)VALUES(11,3,11,'db.trig_condition_types.11','CHANNEL_RUNNING','N');
INSERT INTO trig_condition_types(trig_condition_type_id,monitor_type_id,display_seq_no,description,trig_condition_type_nm,requires_param)VALUES(12,3,12,'db.trig_condition_types.12','CHANNEL_STOPPED','N');
INSERT INTO trig_condition_types(trig_condition_type_id,monitor_type_id,display_seq_no,description,trig_condition_type_nm,requires_param)VALUES(13,3,13,'db.trig_condition_types.13','CHANNEL_INDOUBT','N');
INSERT INTO trig_condition_types(trig_condition_type_id,monitor_type_id,display_seq_no,description,trig_condition_type_nm,requires_param)VALUES(14,3,14,'db.trig_condition_types.14','CHANNEL_STARTING','N');
INSERT INTO trig_condition_types(trig_condition_type_id,monitor_type_id,display_seq_no,description,trig_condition_type_nm,requires_param)VALUES(15,3,15,'db.trig_condition_types.15','CHANNEL_PAUSED','N');
INSERT INTO trig_condition_types(trig_condition_type_id,monitor_type_id,display_seq_no,description,trig_condition_type_nm,requires_param)VALUES(16,3,16,'db.trig_condition_types.16','CHANNEL_NOT_RUNNING','N');
INSERT INTO trig_condition_types(trig_condition_type_id,monitor_type_id,display_seq_no,description,trig_condition_type_nm,requires_param)VALUES(41,3,41,'db.trig_condition_types.41','CHANNEL_BINDING','N');
INSERT INTO trig_condition_types(trig_condition_type_id,monitor_type_id,display_seq_no,description,trig_condition_type_nm,requires_param)VALUES(42,3,42,'db.trig_condition_types.42','CHANNEL_INACTIVE','N');
INSERT INTO trig_condition_types(trig_condition_type_id,monitor_type_id,display_seq_no,description,trig_condition_type_nm,requires_param)VALUES(43,3,43,'db.trig_condition_types.43','CHANNEL_INITIALIZING','N');
INSERT INTO trig_condition_types(trig_condition_type_id,monitor_type_id,display_seq_no,description,trig_condition_type_nm,requires_param)VALUES(44,3,44,'db.trig_condition_types.44','CHANNEL_REQUESTING','N');
INSERT INTO trig_condition_types(trig_condition_type_id,monitor_type_id,display_seq_no,description,trig_condition_type_nm,requires_param)VALUES(45,3,45,'db.trig_condition_types.45','CHANNEL_RETRYING','N');
INSERT INTO trig_condition_types(trig_condition_type_id,monitor_type_id,display_seq_no,description,trig_condition_type_nm,requires_param)VALUES(50,4,50,'db.trig_condition_types.50','QUEUE_ENQ_RATE_LESS_THAN','Y');
INSERT INTO trig_condition_types(trig_condition_type_id,monitor_type_id,display_seq_no,description,trig_condition_type_nm,requires_param)VALUES(51,4,51,'db.trig_condition_types.51','QUEUE_ENQ_RATE_MORE_THAN','Y');
INSERT INTO trig_condition_types(trig_condition_type_id,monitor_type_id,display_seq_no,description,trig_condition_type_nm,requires_param)VALUES(52,4,52,'db.trig_condition_types.52','QUEUE_DEQ_RATE_LESS_THAN','Y');
INSERT INTO trig_condition_types(trig_condition_type_id,monitor_type_id,display_seq_no,description,trig_condition_type_nm,requires_param)VALUES(53,4,53,'db.trig_condition_types.53','QUEUE_DEQ_RATE_MORE_THAN','Y');
INSERT INTO trig_condition_types(trig_condition_type_id,monitor_type_id,display_seq_no,description,trig_condition_type_nm,requires_param)VALUES(54,4,54,'db.trig_condition_types.54','STALE_MESSAGES','Y');
INSERT INTO trig_condition_types(trig_condition_type_id,monitor_type_id,display_seq_no,description,trig_condition_type_nm,requires_param) VALUES(100,5,100,'db.trig_condition_types.100','BROKER_DOWN','N');
INSERT INTO trig_condition_types(trig_condition_type_id,monitor_type_id,display_seq_no,description,trig_condition_type_nm,requires_param) VALUES(110,6,110,'db.trig_condition_types.110','FLOW_AGGR_TIMEOUT','N');
INSERT INTO trig_condition_types(trig_condition_type_id,monitor_type_id,display_seq_no,description,trig_condition_type_nm,requires_param) VALUES(111,6,111,'db.trig_condition_types.111','FLOW_BACKED_OUT','N');
INSERT INTO trig_condition_types(trig_condition_type_id,monitor_type_id,display_seq_no,description,trig_condition_type_nm,requires_param) VALUES(112,6,112,'db.trig_condition_types.112','FLOW_MQ_ERRORS','N');
INSERT INTO trig_condition_types(trig_condition_type_id,monitor_type_id,display_seq_no,description,trig_condition_type_nm,requires_param) VALUES(113,6,113,'db.trig_condition_types.113','FLOW_MSG_ERRORS','N');
INSERT INTO trig_condition_types(trig_condition_type_id,monitor_type_id,display_seq_no,description,trig_condition_type_nm,requires_param) VALUES(60,2,60,'db.trig_condition_types.60','TCP_CONNECTIONS_EQUAL','Y');
INSERT INTO trig_condition_types(trig_condition_type_id,monitor_type_id,display_seq_no,description,trig_condition_type_nm,requires_param) VALUES(61,2,61,'db.trig_condition_types.61','TCP_CONNECTIONS_LESS_THAN','Y');
INSERT INTO trig_condition_types(trig_condition_type_id,monitor_type_id,display_seq_no,description,trig_condition_type_nm,requires_param) VALUES(62,2,62,'db.trig_condition_types.62','TCP_CONNECTIONS_MORE_THAN','Y');
INSERT INTO trig_condition_types(trig_condition_type_id,monitor_type_id,display_seq_no,description,trig_condition_type_nm,requires_param) VALUES(63,2,63,'db.trig_condition_types.63','QMGR_NEW_FDC_FILE','N');
INSERT INTO trig_condition_types(trig_condition_type_id,monitor_type_id,display_seq_no,description,trig_condition_type_nm,requires_param) VALUES(64,2,64,'db.trig_condition_types.64','MQ_ERROR_CODE','Y');
INSERT INTO trig_condition_types(trig_condition_type_id,monitor_type_id,display_seq_no,description,trig_condition_type_nm,requires_param) VALUES(46,3,46,'db.trig_condition_types.46','CONNECTION_COUNT_EQUAL','Y');
INSERT INTO trig_condition_types(trig_condition_type_id,monitor_type_id,display_seq_no,description,trig_condition_type_nm,requires_param) VALUES(47,3,47,'db.trig_condition_types.47','CONNECTION_COUNT_LESS_THAN','Y');
INSERT INTO trig_condition_types(trig_condition_type_id,monitor_type_id,display_seq_no,description,trig_condition_type_nm,requires_param) VALUES(48,3,48,'db.trig_condition_types.48','CONNECTION_COUNT_GREATER_THAN','Y');
INSERT INTO criticality_types(criticality_type_id,display_seq_no,description)VALUES(1,1,'db.criticality_types.1');
INSERT INTO criticality_types(criticality_type_id,display_seq_no,description)VALUES(2,2,'db.criticality_types.2');
INSERT INTO criticality_types(criticality_type_id,display_seq_no,description)VALUES(3,3,'db.criticality_types.3');
INSERT INTO criticality_types(criticality_type_id,display_seq_no,description)VALUES(4,4,'db.criticality_types.4');
INSERT INTO idle_reason_types(idle_reason_type_id,display_seq_no,description)VALUES(1,1,'db.idle_reason_types.1');
INSERT INTO alert_types(alert_type_id,display_seq_no,description)VALUES(2,2,'db.alert_types.2');
INSERT INTO alert_types(alert_type_id,display_seq_no,description)VALUES(3,3,'db.alert_types.3');
INSERT INTO alert_types(alert_type_id,display_seq_no,description)VALUES(4,4,'db.alert_types.4');
INSERT INTO alert_status_types(alert_status_type_id,display_seq_no,description)VALUES(5,1,'db.alert_status_types.5');
INSERT INTO alert_status_types(alert_status_type_id,display_seq_no,description)VALUES(10,2,'db.alert_status_types.10');
INSERT INTO alert_status_types(alert_status_type_id,display_seq_no,description)VALUES(15,3,'db.alert_status_types.15');
INSERT INTO message_types(message_type_id,trig_condition_type_id,display_seq_no,description)VALUES(1,1,1,'db.message_types.1');
INSERT INTO message_types(message_type_id,trig_condition_type_id,display_seq_no,description)VALUES(2,2,2,'db.message_types.2');
INSERT INTO message_types(message_type_id,trig_condition_type_id,display_seq_no,description)VALUES(3,3,3,'db.message_types.3');
INSERT INTO message_types(message_type_id,trig_condition_type_id,display_seq_no,description)VALUES(4,4,4,'db.message_types.4');
INSERT INTO message_types(message_type_id,trig_condition_type_id,display_seq_no,description)VALUES(5,5,5,'db.message_types.5');
INSERT INTO message_types(message_type_id,trig_condition_type_id,display_seq_no,description)VALUES(6,6,6,'db.message_types.6');
INSERT INTO message_types(message_type_id,trig_condition_type_id,display_seq_no,description)VALUES(30,30,30,'db.message_types.30');
INSERT INTO message_types(message_type_id,trig_condition_type_id,display_seq_no,description)VALUES(31,31,31,'db.message_types.31');
INSERT INTO message_types(message_type_id,trig_condition_type_id,display_seq_no,description)VALUES(32,32,32,'db.message_types.32');
INSERT INTO message_types(message_type_id,trig_condition_type_id,display_seq_no,description)VALUES(33,33,33,'db.message_types.33');
INSERT INTO message_types(message_type_id,trig_condition_type_id,display_seq_no,description)VALUES(7,7,7,'db.message_types.7');
INSERT INTO message_types(message_type_id,trig_condition_type_id,display_seq_no,description)VALUES(8,8,8,'db.message_types.8');
INSERT INTO message_types(message_type_id,trig_condition_type_id,display_seq_no,description)VALUES(9,9,9,'db.message_types.9');
INSERT INTO message_types(message_type_id,trig_condition_type_id,display_seq_no,description)VALUES(10,10,10,'db.message_types.10');
INSERT INTO message_types(message_type_id,trig_condition_type_id,display_seq_no,description)VALUES(11,11,11,'db.message_types.11');
INSERT INTO message_types(message_type_id,trig_condition_type_id,display_seq_no,description)VALUES(12,12,12,'db.message_types.12');
INSERT INTO message_types(message_type_id,trig_condition_type_id,display_seq_no,description)VALUES(13,13,13,'db.message_types.13');
INSERT INTO message_types(message_type_id,trig_condition_type_id,display_seq_no,description)VALUES(14,14,14,'db.message_types.14');
INSERT INTO message_types(message_type_id,trig_condition_type_id,display_seq_no,description)VALUES(15,15,15,'db.message_types.15');
INSERT INTO message_types(message_type_id,trig_condition_type_id,display_seq_no,description)VALUES(16,16,16,'db.message_types.16');
INSERT INTO message_types(message_type_id,trig_condition_type_id,display_seq_no,description)VALUES(17,17,17,'db.message_types.17');
INSERT INTO message_types(message_type_id,trig_condition_type_id,display_seq_no,description)VALUES(18,18,18,'db.message_types.18');
INSERT INTO message_types(message_type_id,trig_condition_type_id,display_seq_no,description)VALUES(19,19,19,'db.message_types.19');
INSERT INTO message_types(message_type_id,trig_condition_type_id,display_seq_no,description)VALUES(20,20,20,'db.message_types.20');
INSERT INTO message_types(message_type_id,trig_condition_type_id,display_seq_no,description)VALUES(21,21,21,'db.message_types.21');
INSERT INTO message_types(message_type_id,trig_condition_type_id,display_seq_no,description)VALUES(22,22,22,'db.message_types.22');
INSERT INTO message_types(message_type_id,trig_condition_type_id,display_seq_no,description)VALUES(23,23,23,'db.message_types.23');
INSERT INTO message_types(message_type_id,trig_condition_type_id,display_seq_no,description)VALUES(24,24,24,'db.message_types.24');
INSERT INTO message_types(message_type_id,trig_condition_type_id,display_seq_no,description)VALUES(25,25,25,'db.message_types.25');
INSERT INTO message_types(message_type_id,trig_condition_type_id,display_seq_no,description)VALUES(26,26,26,'db.message_types.26');
INSERT INTO message_types(message_type_id,trig_condition_type_id,display_seq_no,description)VALUES(41,41,41,'db.message_types.41');
INSERT INTO message_types(message_type_id,trig_condition_type_id,display_seq_no,description)VALUES(42,42,42,'db.message_types.42');
INSERT INTO message_types(message_type_id,trig_condition_type_id,display_seq_no,description)VALUES(43,43,43,'db.message_types.43');
INSERT INTO message_types(message_type_id,trig_condition_type_id,display_seq_no,description)VALUES(44,44,44,'db.message_types.44');
INSERT INTO message_types(message_type_id,trig_condition_type_id,display_seq_no,description)VALUES(45,45,45,'db.message_types.45');
INSERT INTO message_types(message_type_id,trig_condition_type_id,display_seq_no,description)VALUES(50,50,50,'db.message_types.50');
INSERT INTO message_types(message_type_id,trig_condition_type_id,display_seq_no,description)VALUES(51,51,51,'db.message_types.51');
INSERT INTO message_types(message_type_id,trig_condition_type_id,display_seq_no,description)VALUES(52,52,52,'db.message_types.52');
INSERT INTO message_types(message_type_id,trig_condition_type_id,display_seq_no,description)VALUES(53,53,53,'db.message_types.53');
INSERT INTO message_types(message_type_id,trig_condition_type_id,display_seq_no,description)VALUES(54,54,54,'db.message_types.54');
INSERT INTO message_types(message_type_id,trig_condition_type_id,display_seq_no,description) VALUES(100,100,100,'db.message_types.100');
INSERT INTO message_types(message_type_id,trig_condition_type_id,display_seq_no,description) VALUES(110,110,110,'db.message_types.110');
INSERT INTO message_types(message_type_id,trig_condition_type_id,display_seq_no,description) VALUES(111,111,111,'db.message_types.111');
INSERT INTO message_types(message_type_id,trig_condition_type_id,display_seq_no,description) VALUES(112,112,112,'db.message_types.112');
INSERT INTO message_types(message_type_id,trig_condition_type_id,display_seq_no,description) VALUES(113,113,113,'db.message_types.113');
INSERT INTO message_types(message_type_id,trig_condition_type_id,display_seq_no,description) VALUES(60,60,60,'db.message_types.60');
INSERT INTO message_types(message_type_id,trig_condition_type_id,display_seq_no,description) VALUES(61,61,61,'db.message_types.61');
INSERT INTO message_types(message_type_id,trig_condition_type_id,display_seq_no,description) VALUES(62,62,62,'db.message_types.62');
INSERT INTO message_types(message_type_id,trig_condition_type_id,display_seq_no,description) VALUES(63,63,63,'db.message_types.63');
INSERT INTO message_types(message_type_id,trig_condition_type_id,display_seq_no,description) VALUES(64,64,64,'db.message_types.64');
INSERT INTO message_types(message_type_id,trig_condition_type_id,display_seq_no,description) VALUES(46,46,46,'db.message_types.46');
INSERT INTO message_types(message_type_id,trig_condition_type_id,display_seq_no,description) VALUES(47,47,47,'db.message_types.47');
INSERT INTO message_types(message_type_id,trig_condition_type_id,display_seq_no,description) VALUES(48,48,48,'db.message_types.48');
INSERT INTO recovery_types(recovery_type_id,trig_condition_type_id,display_seq_no,description)VALUES(1,1,1,'db.recovery_types.1');
INSERT INTO recovery_types(recovery_type_id,trig_condition_type_id,display_seq_no,description)VALUES(2,2,2,'db.recovery_types.2');
INSERT INTO recovery_types(recovery_type_id,trig_condition_type_id,display_seq_no,description)VALUES(3,3,3,'db.recovery_types.3');
INSERT INTO recovery_types(recovery_type_id,trig_condition_type_id,display_seq_no,description)VALUES(4,4,4,'db.recovery_types.4');
INSERT INTO recovery_types(recovery_type_id,trig_condition_type_id,display_seq_no,description)VALUES(5,5,5,'db.recovery_types.5');
INSERT INTO recovery_types(recovery_type_id,trig_condition_type_id,display_seq_no,description)VALUES(6,6,6,'db.recovery_types.6');
INSERT INTO recovery_types(recovery_type_id,trig_condition_type_id,display_seq_no,description)VALUES(30,30,30,'db.recovery_types.30');
INSERT INTO recovery_types(recovery_type_id,trig_condition_type_id,display_seq_no,description)VALUES(31,31,31,'db.recovery_types.31');
INSERT INTO recovery_types(recovery_type_id,trig_condition_type_id,display_seq_no,description)VALUES(32,32,32,'db.recovery_types.32');
INSERT INTO recovery_types(recovery_type_id,trig_condition_type_id,display_seq_no,description)VALUES(33,33,33,'db.recovery_types.33');
INSERT INTO recovery_types(recovery_type_id,trig_condition_type_id,display_seq_no,description)VALUES(7,7,7,'db.recovery_types.7');
INSERT INTO recovery_types(recovery_type_id,trig_condition_type_id,display_seq_no,description)VALUES(8,8,8,'db.recovery_types.8');
INSERT INTO recovery_types(recovery_type_id,trig_condition_type_id,display_seq_no,description)VALUES(9,9,9,'db.recovery_types.9');
INSERT INTO recovery_types(recovery_type_id,trig_condition_type_id,display_seq_no,description)VALUES(10,10,10,'db.recovery_types.10');
INSERT INTO recovery_types(recovery_type_id,trig_condition_type_id,display_seq_no,description)VALUES(11,11,11,'db.recovery_types.11');
INSERT INTO recovery_types(recovery_type_id,trig_condition_type_id,display_seq_no,description)VALUES(12,12,12,'db.recovery_types.12');
INSERT INTO recovery_types(recovery_type_id,trig_condition_type_id,display_seq_no,description)VALUES(13,13,13,'db.recovery_types.13');
INSERT INTO recovery_types(recovery_type_id,trig_condition_type_id,display_seq_no,description)VALUES(14,14,14,'db.recovery_types.14');
INSERT INTO recovery_types(recovery_type_id,trig_condition_type_id,display_seq_no,description)VALUES(15,15,15,'db.recovery_types.15');
INSERT INTO recovery_types(recovery_type_id,trig_condition_type_id,display_seq_no,description)VALUES(16,16,16,'db.recovery_types.16');
INSERT INTO recovery_types(recovery_type_id,trig_condition_type_id,display_seq_no,description)VALUES(17,17,17,'db.recovery_types.17');
INSERT INTO recovery_types(recovery_type_id,trig_condition_type_id,display_seq_no,description)VALUES(18,18,18,'db.recovery_types.18');
INSERT INTO recovery_types(recovery_type_id,trig_condition_type_id,display_seq_no,description)VALUES(19,19,19,'db.recovery_types.19');
INSERT INTO recovery_types(recovery_type_id,trig_condition_type_id,display_seq_no,description)VALUES(20,20,20,'db.recovery_types.20');
INSERT INTO recovery_types(recovery_type_id,trig_condition_type_id,display_seq_no,description)VALUES(21,21,21,'db.recovery_types.21');
INSERT INTO recovery_types(recovery_type_id,trig_condition_type_id,display_seq_no,description)VALUES(22,22,22,'db.recovery_types.22');
INSERT INTO recovery_types(recovery_type_id,trig_condition_type_id,display_seq_no,description)VALUES(23,23,23,'db.recovery_types.23');
INSERT INTO recovery_types(recovery_type_id,trig_condition_type_id,display_seq_no,description)VALUES(24,24,24,'db.recovery_types.24');
INSERT INTO recovery_types(recovery_type_id,trig_condition_type_id,display_seq_no,description)VALUES(25,25,25,'db.recovery_types.25');
INSERT INTO recovery_types(recovery_type_id,trig_condition_type_id,display_seq_no,description)VALUES(26,26,26,'db.recovery_types.26');
INSERT INTO recovery_types(recovery_type_id,trig_condition_type_id,display_seq_no,description)VALUES(41,41,41,'db.recovery_types.41');
INSERT INTO recovery_types(recovery_type_id,trig_condition_type_id,display_seq_no,description)VALUES(42,42,42,'db.recovery_types.42');
INSERT INTO recovery_types(recovery_type_id,trig_condition_type_id,display_seq_no,description)VALUES(43,43,43,'db.recovery_types.43');
INSERT INTO recovery_types(recovery_type_id,trig_condition_type_id,display_seq_no,description)VALUES(44,44,44,'db.recovery_types.44');
INSERT INTO recovery_types(recovery_type_id,trig_condition_type_id,display_seq_no,description)VALUES(45,45,45,'db.recovery_types.45');
INSERT INTO recovery_types(recovery_type_id,trig_condition_type_id,display_seq_no,description)VALUES(50,50,50,'db.recovery_types.50');
INSERT INTO recovery_types(recovery_type_id,trig_condition_type_id,display_seq_no,description)VALUES(51,51,51,'db.recovery_types.51');
INSERT INTO recovery_types(recovery_type_id,trig_condition_type_id,display_seq_no,description)VALUES(52,52,52,'db.recovery_types.52');
INSERT INTO recovery_types(recovery_type_id,trig_condition_type_id,display_seq_no,description)VALUES(53,53,53,'db.recovery_types.53');
INSERT INTO recovery_types(recovery_type_id,trig_condition_type_id,display_seq_no,description)VALUES(54,54,54,'db.recovery_types.54');
INSERT INTO recovery_types(recovery_type_id,trig_condition_type_id,display_seq_no,description) VALUES(100,100,100,'db.recovery_types.100');
INSERT INTO recovery_types(recovery_type_id,trig_condition_type_id,display_seq_no,description) VALUES(110,110,110,'db.recovery_types.110');
INSERT INTO recovery_types(recovery_type_id,trig_condition_type_id,display_seq_no,description)VALUES(111,111,111,'db.recovery_types.111');
INSERT INTO recovery_types(recovery_type_id,trig_condition_type_id,display_seq_no,description) VALUES(112,112,112,'db.recovery_types.112');
INSERT INTO recovery_types(recovery_type_id,trig_condition_type_id,display_seq_no,description) VALUES(113,113,113,'db.recovery_types.113');
INSERT INTO recovery_types(recovery_type_id,trig_condition_type_id,display_seq_no,description) VALUES(60,60,60,'db.recovery_types.60');
INSERT INTO recovery_types(recovery_type_id,trig_condition_type_id,display_seq_no,description) VALUES(61,61,61,'db.recovery_types.61');
INSERT INTO recovery_types(recovery_type_id,trig_condition_type_id,display_seq_no,description) VALUES(62,62,62,'db.recovery_types.62');
INSERT INTO recovery_types(recovery_type_id,trig_condition_type_id,display_seq_no,description) VALUES(63,63,63,'db.recovery_types.63');
INSERT INTO recovery_types(recovery_type_id,trig_condition_type_id,display_seq_no,description) VALUES(64,64,64,'db.recovery_types.64');
INSERT INTO recovery_types(recovery_type_id,trig_condition_type_id,display_seq_no,description) VALUES(46,46,46,'db.recovery_types.46');
INSERT INTO recovery_types(recovery_type_id,trig_condition_type_id,display_seq_no,description) VALUES(47,47,47,'db.recovery_types.47');
INSERT INTO recovery_types(recovery_type_id,trig_condition_type_id,display_seq_no,description) VALUES(48,48,48,'db.recovery_types.48');
INSERT INTO qflex_properties(qflex_property_id,company_id,property_type,property_nm,property_val)VALUES(1,1,1,'db.qflex_properties.1','127.0.0.1');
INSERT INTO qflex_properties(qflex_property_id,company_id,property_type,property_nm,property_val)VALUES(2,1,1,'db.qflex_properties.2','162');
INSERT INTO qflex_properties(qflex_property_id,company_id,property_type,property_nm,property_val)VALUES(3,1,3,'db.qflex_properties.3','1.3.6.1.2.1.22115.1.1');
INSERT INTO qflex_properties(qflex_property_id,company_id,property_type,property_nm,property_val)VALUES(4,1,1,'db.qflex_properties.4','public');
INSERT INTO qflex_properties(qflex_property_id,company_id,property_type,property_nm,property_val)VALUES(5,1,1,'db.qflex_properties.5','10');
INSERT INTO qflex_properties(qflex_property_id,company_id,property_type,property_nm,property_val)VALUES(6,1,1,'db.qflex_properties.6','5000');
INSERT INTO qflex_properties(qflex_property_id,company_id,property_type,property_nm,property_val)VALUES(7,1,1,'db.qflex_properties.7','0');
INSERT INTO qflex_properties(qflex_property_id,company_id,property_type,property_nm,property_val)VALUES(8,1,1,'db.qflex_properties.8','0');
INSERT INTO qflex_properties(qflex_property_id,company_id,property_type,property_nm,property_val)VALUES(9,1,1,'db.qflex_properties.9','1');
INSERT INTO qflex_properties(qflex_property_id,company_id,property_type,property_nm,property_val)VALUES(14,1,2,'db.qflex_properties.14','');
INSERT INTO qflex_properties(qflex_property_id,company_id,property_type,property_nm,property_val)VALUES(15,1,2,'db.qflex_properties.15','127.0.0.1');
INSERT INTO qflex_properties(qflex_property_id,company_id,property_type,property_nm,property_val)VALUES(16,1,2,'db.qflex_properties.16','');
INSERT INTO qflex_properties(qflex_property_id,company_id,property_type,property_nm,property_val)VALUES(18,1,2,'db.qflex_properties.18', '');
INSERT INTO qflex_properties(qflex_property_id,company_id,property_type,property_nm,property_val)VALUES(19,1,2,'db.qflex_properties.19', '');
INSERT INTO qflex_properties(qflex_property_id,company_id,property_type,property_nm,property_val)VALUES(30,1,3,'db.qflex_properties.30', 'qflex@netflexity.com');
INSERT INTO qflex_properties(qflex_property_id,company_id,property_type,property_nm,property_val)VALUES(31,1,3,'db.qflex_properties.31', 'mail.netflexity.com');
INSERT INTO qflex_properties(qflex_property_id,company_id,property_type,property_nm,property_val)VALUES(32,1,3,'db.qflex_properties.32', '');
INSERT INTO qflex_properties(qflex_property_id,company_id,property_type,property_nm,property_val)VALUES(33,1,3,'db.qflex_properties.33', '');
INSERT INTO qflex_properties(qflex_property_id,company_id,property_type,property_nm,property_val)VALUES(34,1,3,'db.qflex_properties.34', '15');
INSERT INTO qflex_properties(qflex_property_id,company_id,property_type,property_nm,property_val)VALUES(35,1,3,'db.qflex_properties.35', '999');
INSERT INTO qflex_properties(qflex_property_id,company_id,property_type,property_nm,property_val)VALUES(36,1,3,'db.qflex_properties.36', '15');
DELETE FROM qflexesb.config_attribute_types;
INSERT INTO config_attribute_types(config_attribute_type_id,config_object_type_id,display_seq_no,description, mq_attribute_id, data_type, immutable, required_for_change) VALUES(1,2,1,'CMQC.MQCA_ALTERATION_DATE',2027,12,'Y','N');
INSERT INTO config_attribute_types(config_attribute_type_id,config_object_type_id,display_seq_no,description, mq_attribute_id, data_type, immutable, required_for_change) VALUES(2,2,2,'CMQC.MQCA_ALTERATION_TIME',2028,12,'Y','N');
INSERT INTO config_attribute_types(config_attribute_type_id,config_object_type_id,display_seq_no,description, mq_attribute_id, data_type, immutable, required_for_change) VALUES(3,2,3,'CMQC.MQCA_CREATION_DATE',2004,12,'Y','N');
INSERT INTO config_attribute_types(config_attribute_type_id,config_object_type_id,display_seq_no,description, mq_attribute_id, data_type, immutable, required_for_change) VALUES(4,2,4,'CMQC.MQCA_CREATION_TIME',2005,12,'Y','N');
INSERT INTO config_attribute_types(config_attribute_type_id,config_object_type_id,display_seq_no,description, mq_attribute_id, data_type, immutable, required_for_change) VALUES(5,2,5,'CMQC.MQIA_AUTHORITY_EVENT',47,4,'N','N');
INSERT INTO config_attribute_types(config_attribute_type_id,config_object_type_id,display_seq_no,description, mq_attribute_id, data_type, immutable, required_for_change) VALUES(6,2,6,'CMQC.MQIA_CHANNEL_AUTO_DEF',55,4,'N','N');
INSERT INTO config_attribute_types(config_attribute_type_id,config_object_type_id,display_seq_no,description, mq_attribute_id, data_type, immutable, required_for_change) VALUES(7,2,7,'CMQC.MQIA_CHANNEL_AUTO_DEF_EVENT',56,4,'N','N');
INSERT INTO config_attribute_types(config_attribute_type_id,config_object_type_id,display_seq_no,description, mq_attribute_id, data_type, immutable, required_for_change) VALUES(8,2,8,'CMQC.MQCA_CHANNEL_AUTO_DEF_EXIT',2026,12,'N','N');
INSERT INTO config_attribute_types(config_attribute_type_id,config_object_type_id,display_seq_no,description, mq_attribute_id, data_type, immutable, required_for_change) VALUES(9,2,9,'CMQC.MQCA_CLUSTER_WORKLOAD_DATA',2034,12,'N','N');
INSERT INTO config_attribute_types(config_attribute_type_id,config_object_type_id,display_seq_no,description, mq_attribute_id, data_type, immutable, required_for_change) VALUES(10,2,10,'CMQC.MQCA_CLUSTER_WORKLOAD_EXIT',2033,12,'N','N');
INSERT INTO config_attribute_types(config_attribute_type_id,config_object_type_id,display_seq_no,description, mq_attribute_id, data_type, immutable, required_for_change) VALUES(11,2,11,'CMQC.MQIA_CLUSTER_WORKLOAD_LENGTH',58,4,'N','N');
INSERT INTO config_attribute_types(config_attribute_type_id,config_object_type_id,display_seq_no,description, mq_attribute_id, data_type, immutable, required_for_change) VALUES(12,2,12,'CMQC.MQIA_CODED_CHAR_SET_ID',2,4,'N','N');
INSERT INTO config_attribute_types(config_attribute_type_id,config_object_type_id,display_seq_no,description, mq_attribute_id, data_type, immutable, required_for_change) VALUES(13,2,13,'CMQC.MQCA_COMMAND_INPUT_Q_NAME',2003,12,'Y','N');
INSERT INTO config_attribute_types(config_attribute_type_id,config_object_type_id,display_seq_no,description, mq_attribute_id, data_type, immutable, required_for_change) VALUES(14,2,14,'CMQC.MQIA_COMMAND_LEVEL',31,4,'Y','N');
INSERT INTO config_attribute_types(config_attribute_type_id,config_object_type_id,display_seq_no,description, mq_attribute_id, data_type, immutable, required_for_change) VALUES(15,2,15,'CMQC.MQCA_DEAD_LETTER_Q_NAME',2006,12,'N','N');
INSERT INTO config_attribute_types(config_attribute_type_id,config_object_type_id,display_seq_no,description, mq_attribute_id, data_type, immutable, required_for_change) VALUES(16,2,16,'CMQC.MQCA_DEF_XMIT_Q_NAME',2025,12,'N','N');
INSERT INTO config_attribute_types(config_attribute_type_id,config_object_type_id,display_seq_no,description, mq_attribute_id, data_type, immutable, required_for_change) VALUES(17,2,17,'CMQC.MQIA_DIST_LISTS',34,4,'Y','N');
INSERT INTO config_attribute_types(config_attribute_type_id,config_object_type_id,display_seq_no,description, mq_attribute_id, data_type, immutable, required_for_change) VALUES(18,2,18,'CMQC.MQIA_INHIBIT_EVENT',48,4,'N','N');
INSERT INTO config_attribute_types(config_attribute_type_id,config_object_type_id,display_seq_no,description, mq_attribute_id, data_type, immutable, required_for_change) VALUES(19,2,19,'CMQC.MQIA_LOCAL_EVENT',49,4,'N','N');
INSERT INTO config_attribute_types(config_attribute_type_id,config_object_type_id,display_seq_no,description, mq_attribute_id, data_type, immutable, required_for_change) VALUES(20,2,20,'CMQC.MQIA_MAX_HANDLES',11,4,'N','N');
INSERT INTO config_attribute_types(config_attribute_type_id,config_object_type_id,display_seq_no,description, mq_attribute_id, data_type, immutable, required_for_change) VALUES(21,2,21,'CMQC.MQIA_MAX_MSG_LENGTH',13,4,'Y','N');
INSERT INTO config_attribute_types(config_attribute_type_id,config_object_type_id,display_seq_no,description, mq_attribute_id, data_type, immutable, required_for_change) VALUES(22,2,22,'CMQC.MQIA_MAX_PRIORITY',14,4,'Y','N');
INSERT INTO config_attribute_types(config_attribute_type_id,config_object_type_id,display_seq_no,description, mq_attribute_id, data_type, immutable, required_for_change) VALUES(23,2,23,'CMQC.MQIA_MAX_UNCOMMITTED_MSGS',33,4,'N','N');
INSERT INTO config_attribute_types(config_attribute_type_id,config_object_type_id,display_seq_no,description, mq_attribute_id, data_type, immutable, required_for_change) VALUES(24,2,24,'CMQC.MQIA_PERFORMANCE_EVENT',53,4,'N','N');
INSERT INTO config_attribute_types(config_attribute_type_id,config_object_type_id,display_seq_no,description, mq_attribute_id, data_type, immutable, required_for_change) VALUES(25,2,25,'CMQC.MQIA_PLATFORM',32,4,'Y','N');
INSERT INTO config_attribute_types(config_attribute_type_id,config_object_type_id,display_seq_no,description, mq_attribute_id, data_type, immutable, required_for_change) VALUES(26,2,26,'CMQC.MQCA_Q_MGR_DESC',2014,12,'N','N');
INSERT INTO config_attribute_types(config_attribute_type_id,config_object_type_id,display_seq_no,description, mq_attribute_id, data_type, immutable, required_for_change) VALUES(27,2,27,'CMQC.MQCA_Q_MGR_IDENTIFIER',2032,12,'Y','N');
INSERT INTO config_attribute_types(config_attribute_type_id,config_object_type_id,display_seq_no,description, mq_attribute_id, data_type, immutable, required_for_change) VALUES(28,2,28,'CMQC.MQCA_Q_MGR_NAME',2015,12,'Y','N');
INSERT INTO config_attribute_types(config_attribute_type_id,config_object_type_id,display_seq_no,description, mq_attribute_id, data_type, immutable, required_for_change) VALUES(29,2,29,'CMQC.MQIA_REMOTE_EVENT',50,4,'N','N');
INSERT INTO config_attribute_types(config_attribute_type_id,config_object_type_id,display_seq_no,description, mq_attribute_id, data_type, immutable, required_for_change) VALUES(30,2,30,'CMQC.MQCA_REPOSITORY_NAME',2035,12,'N','N');
INSERT INTO config_attribute_types(config_attribute_type_id,config_object_type_id,display_seq_no,description, mq_attribute_id, data_type, immutable, required_for_change) VALUES(31,2,31,'CMQC.MQCA_REPOSITORY_NAMELIST',2036,12,'N','N');
INSERT INTO config_attribute_types(config_attribute_type_id,config_object_type_id,display_seq_no,description, mq_attribute_id, data_type, immutable, required_for_change) VALUES(32,2,32,'CMQC.MQIA_START_STOP_EVENT',52,4,'N','N');
INSERT INTO config_attribute_types(config_attribute_type_id,config_object_type_id,display_seq_no,description, mq_attribute_id, data_type, immutable, required_for_change) VALUES(33,2,33,'CMQC.MQIA_SYNCPOINT',30,4,'Y','N');
INSERT INTO config_attribute_types(config_attribute_type_id,config_object_type_id,display_seq_no,description, mq_attribute_id, data_type, immutable, required_for_change) VALUES(34,2,34,'CMQC.MQIA_TRIGGER_INTERVAL',25,4,'N','N');
INSERT INTO config_attribute_types(config_attribute_type_id,config_object_type_id,display_seq_no,description, mq_attribute_id, data_type, immutable, required_for_change) VALUES(35,2,35,'CMQC.MQCA_SSL_CRL_NAMELIST',2050,12,'N','N');
INSERT INTO config_attribute_types(config_attribute_type_id,config_object_type_id,display_seq_no,description, mq_attribute_id, data_type, immutable, required_for_change) VALUES(36,2,36,'CMQC.MQCA_SSL_KEY_REPOSITORY',2049,12,'N','N');
INSERT INTO config_attribute_types(config_attribute_type_id,config_object_type_id,display_seq_no,description, mq_attribute_id, data_type, immutable, required_for_change) VALUES(101,1,101,'CMQC.MQCA_Q_NAME',2016,12,'Y','Y');
INSERT INTO config_attribute_types(config_attribute_type_id,config_object_type_id,display_seq_no,description, mq_attribute_id, data_type, immutable, required_for_change) VALUES(102,1,102,'CMQC.MQIA_Q_TYPE',20,4,'Y','Y');
INSERT INTO config_attribute_types(config_attribute_type_id,config_object_type_id,display_seq_no,description, mq_attribute_id, data_type, immutable, required_for_change) VALUES(103,1,103,'CMQC.MQCA_Q_DESC',2013,12,'N','N');
INSERT INTO config_attribute_types(config_attribute_type_id,config_object_type_id,display_seq_no,description, mq_attribute_id, data_type, immutable, required_for_change) VALUES(104,1,104,'CMQC.MQIA_Q_DEPTH_HIGH_LIMIT',40,4,'N','N');
INSERT INTO config_attribute_types(config_attribute_type_id,config_object_type_id,display_seq_no,description, mq_attribute_id, data_type, immutable, required_for_change) VALUES(105,1,105,'CMQC.MQIA_Q_DEPTH_LOW_LIMIT',41,4,'N','N');
INSERT INTO config_attribute_types(config_attribute_type_id,config_object_type_id,display_seq_no,description, mq_attribute_id, data_type, immutable, required_for_change) VALUES(106,1,106,'CMQC.MQIA_Q_DEPTH_HIGH_EVENT',43,4,'N','N');
INSERT INTO config_attribute_types(config_attribute_type_id,config_object_type_id,display_seq_no,description, mq_attribute_id, data_type, immutable, required_for_change) VALUES(107,1,107,'CMQC.MQIA_Q_DEPTH_LOW_EVENT',44,4,'N','N');
INSERT INTO config_attribute_types(config_attribute_type_id,config_object_type_id,display_seq_no,description, mq_attribute_id, data_type, immutable, required_for_change) VALUES(108,1,108,'CMQC.MQIA_Q_DEPTH_MAX_EVENT',42,4,'N','N');
INSERT INTO config_attribute_types(config_attribute_type_id,config_object_type_id,display_seq_no,description, mq_attribute_id, data_type, immutable, required_for_change) VALUES(109,1,109,'CMQC.MQIA_Q_SERVICE_INTERVAL',54,4,'N','N');
INSERT INTO config_attribute_types(config_attribute_type_id,config_object_type_id,display_seq_no,description, mq_attribute_id, data_type, immutable, required_for_change) VALUES(110,1,110,'CMQC.MQIA_Q_SERVICE_INTERVAL_EVENT',46,4,'N','N');
INSERT INTO config_attribute_types(config_attribute_type_id,config_object_type_id,display_seq_no,description, mq_attribute_id, data_type, immutable, required_for_change) VALUES(111,1,111,'CMQC.MQCA_BASE_Q_NAME',2002,12,'N','N');
INSERT INTO config_attribute_types(config_attribute_type_id,config_object_type_id,display_seq_no,description, mq_attribute_id, data_type, immutable, required_for_change) VALUES(112,1,112,'CMQC.MQIA_INHIBIT_PUT',10,4,'N','N');
INSERT INTO config_attribute_types(config_attribute_type_id,config_object_type_id,display_seq_no,description, mq_attribute_id, data_type, immutable, required_for_change) VALUES(113,1,113,'CMQC.MQIA_INHIBIT_GET',9,4,'N','N');
INSERT INTO config_attribute_types(config_attribute_type_id,config_object_type_id,display_seq_no,description, mq_attribute_id, data_type, immutable, required_for_change) VALUES(114,1,114,'CMQC.MQIA_DEF_PRIORITY',6,4,'N','N');
INSERT INTO config_attribute_types(config_attribute_type_id,config_object_type_id,display_seq_no,description, mq_attribute_id, data_type, immutable, required_for_change) VALUES(115,1,115,'CMQC.MQIA_DEF_PERSISTENCE',5,4,'N','N');
INSERT INTO config_attribute_types(config_attribute_type_id,config_object_type_id,display_seq_no,description, mq_attribute_id, data_type, immutable, required_for_change) VALUES(116,1,116,'CMQC.MQCA_PROCESS_NAME',2012,12,'N','N');
INSERT INTO config_attribute_types(config_attribute_type_id,config_object_type_id,display_seq_no,description, mq_attribute_id, data_type, immutable, required_for_change) VALUES(117,1,117,'CMQC.MQIA_MAX_Q_DEPTH',15,4,'N','N');
INSERT INTO config_attribute_types(config_attribute_type_id,config_object_type_id,display_seq_no,description, mq_attribute_id, data_type, immutable, required_for_change) VALUES(118,1,118,'CMQC.MQIA_MAX_MSG_LENGTH',13,4,'N','N');
INSERT INTO config_attribute_types(config_attribute_type_id,config_object_type_id,display_seq_no,description, mq_attribute_id, data_type, immutable, required_for_change) VALUES(119,1,119,'CMQC.MQIA_CURRENT_Q_DEPTH',3,4,'N','N');
INSERT INTO config_attribute_types(config_attribute_type_id,config_object_type_id,display_seq_no,description, mq_attribute_id, data_type, immutable, required_for_change) VALUES(120,1,120,'CMQC.MQIA_OPEN_INPUT_COUNT',17,4,'N','N');
INSERT INTO config_attribute_types(config_attribute_type_id,config_object_type_id,display_seq_no,description, mq_attribute_id, data_type, immutable, required_for_change) VALUES(121,1,121,'CMQC.MQIA_OPEN_OUTPUT_COUNT',18,4,'N','N');
INSERT INTO config_attribute_types(config_attribute_type_id,config_object_type_id,display_seq_no,description, mq_attribute_id, data_type, immutable, required_for_change) VALUES(122,1,122,'CMQC.MQIA_BACKOUT_THRESHOLD',22,4,'N','N');
INSERT INTO config_attribute_types(config_attribute_type_id,config_object_type_id,display_seq_no,description, mq_attribute_id, data_type, immutable, required_for_change) VALUES(123,1,123,'CMQC.MQCA_BACKOUT_REQ_Q_NAME',2019,12,'N','N');
INSERT INTO config_attribute_types(config_attribute_type_id,config_object_type_id,display_seq_no,description, mq_attribute_id, data_type, immutable, required_for_change) VALUES(124,1,124,'CMQC.MQIA_SHAREABILITY',23,4,'N','N');
INSERT INTO config_attribute_types(config_attribute_type_id,config_object_type_id,display_seq_no,description, mq_attribute_id, data_type, immutable, required_for_change) VALUES(125,1,125,'CMQC.MQIA_DEF_INPUT_OPEN_OPTION',4,4,'N','N');
INSERT INTO config_attribute_types(config_attribute_type_id,config_object_type_id,display_seq_no,description, mq_attribute_id, data_type, immutable, required_for_change) VALUES(126,1,126,'CMQC.MQIA_HARDEN_GET_BACKOUT',8,4,'N','N');
INSERT INTO config_attribute_types(config_attribute_type_id,config_object_type_id,display_seq_no,description, mq_attribute_id, data_type, immutable, required_for_change) VALUES(127,1,127,'CMQC.MQIA_MSG_DELIVERY_SEQUENCE',16,4,'N','N');
INSERT INTO config_attribute_types(config_attribute_type_id,config_object_type_id,display_seq_no,description, mq_attribute_id, data_type, immutable, required_for_change) VALUES(128,1,128,'CMQC.MQIA_RETENTION_INTERVAL',21,4,'N','N');
INSERT INTO config_attribute_types(config_attribute_type_id,config_object_type_id,display_seq_no,description, mq_attribute_id, data_type, immutable, required_for_change) VALUES(129,1,129,'CMQC.MQIA_DIST_LISTS',34,4,'N','N');
INSERT INTO config_attribute_types(config_attribute_type_id,config_object_type_id,display_seq_no,description, mq_attribute_id, data_type, immutable, required_for_change) VALUES(130,1,130,'CMQC.MQIA_USAGE',12,4,'N','N');
INSERT INTO config_attribute_types(config_attribute_type_id,config_object_type_id,display_seq_no,description, mq_attribute_id, data_type, immutable, required_for_change) VALUES(131,1,131,'CMQC.MQCA_INITIATION_Q_NAME',2008,12,'N','N');
INSERT INTO config_attribute_types(config_attribute_type_id,config_object_type_id,display_seq_no,description, mq_attribute_id, data_type, immutable, required_for_change) VALUES(132,1,132,'CMQC.MQIA_TRIGGER_CONTROL',24,4,'N','N');
INSERT INTO config_attribute_types(config_attribute_type_id,config_object_type_id,display_seq_no,description, mq_attribute_id, data_type, immutable, required_for_change) VALUES(133,1,133,'CMQC.MQIA_TRIGGER_TYPE',28,4,'N','N');
INSERT INTO config_attribute_types(config_attribute_type_id,config_object_type_id,display_seq_no,description, mq_attribute_id, data_type, immutable, required_for_change) VALUES(134,1,134,'CMQC.MQIA_TRIGGER_MSG_PRIORITY',26,4,'N','N');
INSERT INTO config_attribute_types(config_attribute_type_id,config_object_type_id,display_seq_no,description, mq_attribute_id, data_type, immutable, required_for_change) VALUES(135,1,135,'CMQC.MQIA_TRIGGER_DEPTH',29,4,'N','N');
INSERT INTO config_attribute_types(config_attribute_type_id,config_object_type_id,display_seq_no,description, mq_attribute_id, data_type, immutable, required_for_change) VALUES(136,1,136,'CMQC.MQCA_TRIGGER_DATA',2023,12,'N','N');
INSERT INTO config_attribute_types(config_attribute_type_id,config_object_type_id,display_seq_no,description, mq_attribute_id, data_type, immutable, required_for_change) VALUES(137,1,137,'CMQC.MQCA_REMOTE_Q_NAME',2018,12,'N','N');
INSERT INTO config_attribute_types(config_attribute_type_id,config_object_type_id,display_seq_no,description, mq_attribute_id, data_type, immutable, required_for_change) VALUES(138,1,138,'CMQC.MQCA_REMOTE_Q_MGR_NAME',2017,12,'N','N');
INSERT INTO config_attribute_types(config_attribute_type_id,config_object_type_id,display_seq_no,description, mq_attribute_id, data_type, immutable, required_for_change) VALUES(139,1,139,'CMQC.MQCA_XMIT_Q_NAME',2024,12,'N','N');
INSERT INTO config_attribute_types(config_attribute_type_id,config_object_type_id,display_seq_no,description, mq_attribute_id, data_type, immutable, required_for_change) VALUES(140,1,140,'CMQC.MQIA_DEFINITION_TYPE',7,4,'N','N');
INSERT INTO config_attribute_types(config_attribute_type_id,config_object_type_id,display_seq_no,description, mq_attribute_id, data_type, immutable, required_for_change) VALUES(141,1,141,'CMQC.MQIA_SCOPE',45,4,'N','N');
INSERT INTO config_attribute_types(config_attribute_type_id,config_object_type_id,display_seq_no,description, mq_attribute_id, data_type, immutable, required_for_change) VALUES(142,1,142,'CMQC.MQCA_CLUSTER_NAME',2029,12,'N','N');
INSERT INTO config_attribute_types(config_attribute_type_id,config_object_type_id,display_seq_no,description, mq_attribute_id, data_type, immutable, required_for_change) VALUES(143,1,143,'CMQC.MQCA_CLUSTER_NAMELIST',2030,12,'N','N');
INSERT INTO config_attribute_types(config_attribute_type_id,config_object_type_id,display_seq_no,description, mq_attribute_id, data_type, immutable, required_for_change) VALUES(144,1,144,'CMQC.MQIA_DEF_BIND',61,4,'N','N');
INSERT INTO config_attribute_types(config_attribute_type_id,config_object_type_id,display_seq_no,description, mq_attribute_id, data_type, immutable, required_for_change) VALUES(145,1,145,'CMQC.MQCA_ALTERATION_DATE',2027,12,'Y','N');
INSERT INTO config_attribute_types(config_attribute_type_id,config_object_type_id,display_seq_no,description, mq_attribute_id, data_type, immutable, required_for_change) VALUES(146,1,146,'CMQC.MQCA_ALTERATION_TIME',2028,12,'Y','N');
INSERT INTO config_attribute_types(config_attribute_type_id,config_object_type_id,display_seq_no,description, mq_attribute_id, data_type, immutable, required_for_change) VALUES(201,3,201,'CMQCFC.MQCACH_CHANNEL_NAME',3501,12,'Y','Y');
INSERT INTO config_attribute_types(config_attribute_type_id,config_object_type_id,display_seq_no,description, mq_attribute_id, data_type, immutable, required_for_change) VALUES(202,3,202,'CMQCFC.MQIACH_CHANNEL_TYPE',1511,4,'Y','Y');
INSERT INTO config_attribute_types(config_attribute_type_id,config_object_type_id,display_seq_no,description, mq_attribute_id, data_type, immutable, required_for_change) VALUES(203,3,203,'CMQCFC.MQIACH_CHANNEL_STATUS',1527,4,'N','N');
INSERT INTO config_attribute_types(config_attribute_type_id,config_object_type_id,display_seq_no,description, mq_attribute_id, data_type, immutable, required_for_change) VALUES(204,3,204,'CMQCFC.MQCACH_DESC',3502,12,'N','N');
INSERT INTO config_attribute_types(config_attribute_type_id,config_object_type_id,display_seq_no,description, mq_attribute_id, data_type, immutable, required_for_change) VALUES(205,3,205,'CMQCFC.MQIACH_XMIT_PROTOCOL_TYPE',1501,4,'N','N');
INSERT INTO config_attribute_types(config_attribute_type_id,config_object_type_id,display_seq_no,description, mq_attribute_id, data_type, immutable, required_for_change) VALUES(206,3,206,'CMQCFC.MQCACH_SEC_EXIT_NAME',3508,12,'N','N');
INSERT INTO config_attribute_types(config_attribute_type_id,config_object_type_id,display_seq_no,description, mq_attribute_id, data_type, immutable, required_for_change) VALUES(207,3,207,'CMQCFC.MQCACH_SEC_EXIT_USER_DATA',3513,12,'N','N');
INSERT INTO config_attribute_types(config_attribute_type_id,config_object_type_id,display_seq_no,description, mq_attribute_id, data_type, immutable, required_for_change) VALUES(208,3,208,'CMQCFC.MQIACH_MAX_MSG_LENGTH',1510,4,'N','N');
INSERT INTO config_attribute_types(config_attribute_type_id,config_object_type_id,display_seq_no,description, mq_attribute_id, data_type, immutable, required_for_change) VALUES(209,3,209,'CMQCFC.MQCACH_MSG_EXIT_NAME',3509,2003,'N','N');
INSERT INTO config_attribute_types(config_attribute_type_id,config_object_type_id,display_seq_no,description, mq_attribute_id, data_type, immutable, required_for_change) VALUES(210,3,210,'CMQCFC.MQCACH_MSG_EXIT_USER_DATA',3514,2003,'N','N');
INSERT INTO config_attribute_types(config_attribute_type_id,config_object_type_id,display_seq_no,description, mq_attribute_id, data_type, immutable, required_for_change) VALUES(211,3,211,'CMQCFC.MQCACH_SEND_EXIT_NAME',3510,2003,'N','N');
INSERT INTO config_attribute_types(config_attribute_type_id,config_object_type_id,display_seq_no,description, mq_attribute_id, data_type, immutable, required_for_change) VALUES(212,3,212,'CMQCFC.MQCACH_SEND_EXIT_USER_DATA',3515,2003,'N','N');
INSERT INTO config_attribute_types(config_attribute_type_id,config_object_type_id,display_seq_no,description, mq_attribute_id, data_type, immutable, required_for_change) VALUES(213,3,213,'CMQCFC.MQCACH_RCV_EXIT_NAME',3511,2003,'N','N');
INSERT INTO config_attribute_types(config_attribute_type_id,config_object_type_id,display_seq_no,description, mq_attribute_id, data_type, immutable, required_for_change) VALUES(214,3,214,'CMQCFC.MQCACH_RCV_EXIT_USER_DATA',3516,2003,'N','N');
INSERT INTO config_attribute_types(config_attribute_type_id,config_object_type_id,display_seq_no,description, mq_attribute_id, data_type, immutable, required_for_change) VALUES(215,3,215,'CMQCFC.MQCACH_TP_NAME',3504,12,'N','N');
INSERT INTO config_attribute_types(config_attribute_type_id,config_object_type_id,display_seq_no,description, mq_attribute_id, data_type, immutable, required_for_change) VALUES(216,3,216,'CMQCFC.MQCACH_MODE_NAME',3503,12,'N','N');
INSERT INTO config_attribute_types(config_attribute_type_id,config_object_type_id,display_seq_no,description, mq_attribute_id, data_type, immutable, required_for_change) VALUES(217,3,217,'CMQCFC.MQCACH_CONNECTION_NAME',3506,12,'N','N');
INSERT INTO config_attribute_types(config_attribute_type_id,config_object_type_id,display_seq_no,description, mq_attribute_id, data_type, immutable, required_for_change) VALUES(218,3,218,'CMQCFC.MQCACH_XMIT_Q_NAME',3505,12,'N','N');
INSERT INTO config_attribute_types(config_attribute_type_id,config_object_type_id,display_seq_no,description, mq_attribute_id, data_type, immutable, required_for_change) VALUES(219,3,219,'CMQCFC.MQIACH_BATCH_SIZE',1502,4,'N','N');
INSERT INTO config_attribute_types(config_attribute_type_id,config_object_type_id,display_seq_no,description, mq_attribute_id, data_type, immutable, required_for_change) VALUES(220,3,220,'CMQCFC.MQIACH_BATCH_INTERVAL',1564,4,'N','N');
INSERT INTO config_attribute_types(config_attribute_type_id,config_object_type_id,display_seq_no,description, mq_attribute_id, data_type, immutable, required_for_change) VALUES(221,3,221,'CMQCFC.MQIACH_BATCH_HB',1567,4,'N','N');
INSERT INTO config_attribute_types(config_attribute_type_id,config_object_type_id,display_seq_no,description, mq_attribute_id, data_type, immutable, required_for_change) VALUES(222,3,222,'CMQCFC.MQIACH_DISC_INTERVAL',1503,4,'N','N');
INSERT INTO config_attribute_types(config_attribute_type_id,config_object_type_id,display_seq_no,description, mq_attribute_id, data_type, immutable, required_for_change) VALUES(223,3,223,'CMQCFC.MQIACH_SHORT_RETRY',1505,4,'N','N');
INSERT INTO config_attribute_types(config_attribute_type_id,config_object_type_id,display_seq_no,description, mq_attribute_id, data_type, immutable, required_for_change) VALUES(224,3,224,'CMQCFC.MQIACH_SHORT_TIMER',1504,4,'N','N');
INSERT INTO config_attribute_types(config_attribute_type_id,config_object_type_id,display_seq_no,description, mq_attribute_id, data_type, immutable, required_for_change) VALUES(225,3,225,'CMQCFC.MQIACH_LONG_RETRY',1507,4,'N','N');
INSERT INTO config_attribute_types(config_attribute_type_id,config_object_type_id,display_seq_no,description, mq_attribute_id, data_type, immutable, required_for_change) VALUES(226,3,226,'CMQCFC.MQIACH_LONG_TIMER',1506,4,'N','N');
INSERT INTO config_attribute_types(config_attribute_type_id,config_object_type_id,display_seq_no,description, mq_attribute_id, data_type, immutable, required_for_change) VALUES(227,3,227,'CMQCFC.MQIACH_DATA_CONVERSION',1515,4,'N','N');
INSERT INTO config_attribute_types(config_attribute_type_id,config_object_type_id,display_seq_no,description, mq_attribute_id, data_type, immutable, required_for_change) VALUES(228,3,228,'CMQCFC.MQIACH_PUT_AUTHORITY',1508,4,'N','N');
INSERT INTO config_attribute_types(config_attribute_type_id,config_object_type_id,display_seq_no,description, mq_attribute_id, data_type, immutable, required_for_change) VALUES(229,3,229,'CMQCFC.MQIACH_SEQUENCE_NUMBER_WRAP',1509,4,'N','N');
INSERT INTO config_attribute_types(config_attribute_type_id,config_object_type_id,display_seq_no,description, mq_attribute_id, data_type, immutable, required_for_change) VALUES(230,3,230,'CMQCFC.MQCACH_MCA_NAME',3507,12,'N','N');
INSERT INTO config_attribute_types(config_attribute_type_id,config_object_type_id,display_seq_no,description, mq_attribute_id, data_type, immutable, required_for_change) VALUES(231,3,231,'CMQCFC.MQIACH_MCA_TYPE',1517,4,'N','N');
INSERT INTO config_attribute_types(config_attribute_type_id,config_object_type_id,display_seq_no,description, mq_attribute_id, data_type, immutable, required_for_change) VALUES(232,3,232,'CMQCFC.MQCACH_MCA_USER_ID',3527,12,'N','N');
INSERT INTO config_attribute_types(config_attribute_type_id,config_object_type_id,display_seq_no,description, mq_attribute_id, data_type, immutable, required_for_change) VALUES(233,3,233,'CMQCFC.MQCACH_USER_ID',3517,12,'N','N');
INSERT INTO config_attribute_types(config_attribute_type_id,config_object_type_id,display_seq_no,description, mq_attribute_id, data_type, immutable, required_for_change) VALUES(234,3,234,'CMQCFC.MQCACH_PASSWORD',3518,12,'N','N');
INSERT INTO config_attribute_types(config_attribute_type_id,config_object_type_id,display_seq_no,description, mq_attribute_id, data_type, immutable, required_for_change) VALUES(235,3,235,'CMQCFC.MQCACH_MR_EXIT_NAME',3534,12,'N','N');
INSERT INTO config_attribute_types(config_attribute_type_id,config_object_type_id,display_seq_no,description, mq_attribute_id, data_type, immutable, required_for_change) VALUES(236,3,236,'CMQCFC.MQCACH_MR_EXIT_USER_DATA',3535,12,'N','N');
INSERT INTO config_attribute_types(config_attribute_type_id,config_object_type_id,display_seq_no,description, mq_attribute_id, data_type, immutable, required_for_change) VALUES(237,3,237,'CMQCFC.MQIACH_MR_COUNT',1544,4,'N','N');
INSERT INTO config_attribute_types(config_attribute_type_id,config_object_type_id,display_seq_no,description, mq_attribute_id, data_type, immutable, required_for_change) VALUES(238,3,238,'CMQCFC.MQIACH_MR_INTERVAL',1545,4,'N','N');
INSERT INTO config_attribute_types(config_attribute_type_id,config_object_type_id,display_seq_no,description, mq_attribute_id, data_type, immutable, required_for_change) VALUES(239,3,239,'CMQC.MQCA_Q_MGR_NAME',2015,12,'N','N');
INSERT INTO config_attribute_types(config_attribute_type_id,config_object_type_id,display_seq_no,description, mq_attribute_id, data_type, immutable, required_for_change) VALUES(240,3,240,'CMQCFC.MQIACH_HB_INTERVAL',1563,4,'N','N');
INSERT INTO config_attribute_types(config_attribute_type_id,config_object_type_id,display_seq_no,description, mq_attribute_id, data_type, immutable, required_for_change) VALUES(241,3,241,'CMQCFC.MQIACH_NPM_SPEED',1562,4,'N','N');
INSERT INTO config_attribute_types(config_attribute_type_id,config_object_type_id,display_seq_no,description, mq_attribute_id, data_type, immutable, required_for_change) VALUES(242,3,242,'CMQC.MQCA_CLUSTER_NAME',2029,12,'N','N');
INSERT INTO config_attribute_types(config_attribute_type_id,config_object_type_id,display_seq_no,description, mq_attribute_id, data_type, immutable, required_for_change) VALUES(243,3,243,'CMQC.MQCA_CLUSTER_NAMELIST',2030,12,'N','N');
INSERT INTO config_attribute_types(config_attribute_type_id,config_object_type_id,display_seq_no,description, mq_attribute_id, data_type, immutable, required_for_change) VALUES(244,3,244,'CMQCFC.MQIACH_NETWORK_PRIORITY',1565,4,'N','N');
INSERT INTO config_attribute_types(config_attribute_type_id,config_object_type_id,display_seq_no,description, mq_attribute_id, data_type, immutable, required_for_change) VALUES(245,3,245,'CMQCFC.MQCACH_LOCAL_ADDRESS',3520,12,'N','N');
INSERT INTO config_attribute_types(config_attribute_type_id,config_object_type_id,display_seq_no,description, mq_attribute_id, data_type, immutable, required_for_change) VALUES(246,3,246,'CMQCFC.MQCACH_SSL_CIPHER_SPEC',3544,12,'N','N');
INSERT INTO config_attribute_types(config_attribute_type_id,config_object_type_id,display_seq_no,description, mq_attribute_id, data_type, immutable, required_for_change) VALUES(247,3,247,'CMQCFC.MQCACH_SSL_PEER_NAME',3545,12,'N','N');
INSERT INTO config_attribute_types(config_attribute_type_id,config_object_type_id,display_seq_no,description, mq_attribute_id, data_type, immutable, required_for_change) VALUES(248,3,248,'CMQCFC.MQIACH_SSL_CLIENT_AUTH',1568,4,'N','N');
INSERT INTO config_attribute_types(config_attribute_type_id,config_object_type_id,display_seq_no,description, mq_attribute_id, data_type, immutable, required_for_change) VALUES(249,3,249,'CMQC.MQCA_ALTERATION_DATE',2027,12,'Y','N');
INSERT INTO config_attribute_types(config_attribute_type_id,config_object_type_id,display_seq_no,description, mq_attribute_id, data_type, immutable, required_for_change) VALUES(250,3,250,'CMQC.MQCA_ALTERATION_TIME',2028,12,'Y','N');
create index qs_sttmindx using btree on queue_stats(fetch_start_tm);
create index qs_ettmindx using btree on queue_stats(fetch_end_tm);
create index qs_qidindx using btree on queue_stats(queue_id);

create index ch_qmidindx using btree on channels(qmanager_id);
create index colpol_qmidindx using btree on collection_policies(qmanager_id);
create index compol_qmidindx using btree on compression_policies(qmanager_id);
create index mon_qmindx using btree on monitors(qmanager_id);
create index mon_objidindx using btree on monitors(monitor_object_id);
create index q_qmidindx using btree on queues(qmanager_id);
create index qsi_qmidindx using btree on queue_stats_idleness(qmanager_id);